# 60 fps for 30 s, then 1 s black; order sync-rows; sync x2, 112 bytes, source type 0x07, counter off, bytes 16-18 000000, byte 26 00, bytes 31-32 0000, level 25, byte 36 05; brightness packet x2 at 25; row tail 08 88; bars at pixel 128; wait hybrid (spin 2 ms), qdisc bypass, stamps
frame,black,tick_ns,sync_ns,added_ns,burst_ns,driver_ns,driver_row_ns
0,0,0,265,0,85415,0,65715
1,0,16666667,16667002,0,65021,16654211,16711937
2,0,33333333,33333645,0,57084,33320614,33371171
3,0,50000000,50000285,0,55754,49987017,50036504
4,0,66666667,66666942,0,57986,66653970,66705384
5,0,83333333,83333655,0,55225,83320409,83369360
6,0,100000000,100000282,0,56268,99987067,100037045
7,0,116666667,116667107,0,93129,116655831,116740404
8,0,133333333,133333606,0,85852,133320300,133399717
9,0,150000000,150000307,0,85225,149986851,150066061
10,0,166666667,166666944,0,71884,166653570,166719243
11,0,183333333,183333611,0,70461,183320116,183384507
12,0,200000000,200000272,0,85420,199986993,200066056
13,0,216666667,216667028,0,97804,216657288,216745335
14,0,233333333,233334159,0,85676,233333092,233399981
15,0,250000000,250000536,0,75532,249993713,250056344
16,0,266666667,266667131,0,74050,266659841,266721336
17,0,283333333,283333646,0,55953,283320462,283369942
18,0,300000000,300000282,0,55464,299987103,300036234
19,0,316666667,316666956,0,56285,316653701,316703725
20,0,333333333,333333615,0,58705,333321319,333372717
21,0,350000000,350000267,0,54967,349987006,350035693
22,0,366666667,366666939,0,55974,366653736,366703415
23,0,383333333,383333627,0,54536,383320342,383368657
24,0,400000000,400000280,0,54874,399987332,400035316
25,0,416666667,416666966,0,55527,416653887,416703043
26,0,433333333,433333605,0,53545,433320606,433367590
27,0,450000000,450000302,0,52804,449986974,450033575
28,0,466666667,466666934,0,54496,466653572,466701825
29,0,483333333,483333904,0,68595,483325066,483382823
30,0,500000000,500000482,0,66925,499990568,500047817
31,0,516666667,516667269,0,103199,516661903,516750693
32,0,533333333,533334348,0,70985,533326697,533385366
33,0,550000000,550000724,0,85240,549999828,550066301
34,0,566666667,566667116,0,67010,566656789,566714558
35,0,583333333,583333617,0,58440,583320790,583372311
36,0,600000000,600000258,0,57156,599987100,600037864
37,0,616666667,616667063,0,80930,616655353,616728279
38,0,633333333,633333703,0,61918,633322770,633376020
39,0,650000000,650000306,0,110333,649993238,650090683
40,0,666666667,666667253,0,110649,666661104,666744007
41,0,683333333,683334015,0,74173,683327501,683388514
42,0,700000000,700000632,0,76742,699994718,700057641
43,0,716666667,716666966,0,89606,716653843,716736940
44,0,733333333,733333635,0,56294,733320376,733370360
45,0,750000000,750000465,0,62587,749990065,750043498
46,0,766666667,766666976,0,58361,766654654,766705807
47,0,783333333,783333621,0,54864,783320354,783368928
48,0,800000000,800000250,0,54535,799987018,800035304
49,0,816666667,816666948,0,56127,816653698,816703569
50,0,833333333,833333621,0,52780,833320194,833366890
51,0,850000000,850000293,0,74191,849987971,850054592
52,0,866666667,866666930,0,55153,866653475,866702065
53,0,883333333,883333622,0,52939,883320195,883367048
54,0,900000000,900000268,0,53106,899987308,900033828
55,0,916666667,916666928,0,55147,916653491,916702556
56,0,933333333,933333610,0,52817,933320193,933366894
57,0,950000000,950000281,0,55255,949987126,950035923
58,0,966666667,966666940,0,54273,966653618,966701615
59,0,983333333,983333626,0,54610,983320469,983368743
60,0,1000000000,1000000683,0,117825,999998321,1000098524
61,0,1016666667,1016667247,0,78984,1016662628,1016726470
62,0,1033333333,1033333933,0,78922,1033328819,1033392819
63,0,1050000000,1050000353,0,61926,1049988068,1050042633
64,0,1066666667,1066666975,0,62715,1066654673,1066709112
65,0,1083333333,1083333635,0,56045,1083320576,1083370174
66,0,1100000000,1100000310,0,54537,1099987019,1100035277
67,0,1116666667,1116666918,0,60033,1116653879,1116707436
68,0,1133333333,1133333641,0,83998,1133320235,1133398124
69,0,1150000000,1150000258,0,52845,1149986855,1150033551
70,0,1166666667,1166666950,0,80547,1166654194,1166727613
71,0,1183333333,1183333609,0,63653,1183326150,1183377694
72,0,1200000000,1200000249,0,53105,1199986931,1200033831
73,0,1216666667,1216666964,0,54096,1216653508,1216701404
74,0,1233333333,1233333632,0,54504,1233321113,1233368559
75,0,1250000000,1250000294,0,52835,1249986962,1250033619
76,0,1266666667,1266666934,0,72791,1266653629,1266702933
77,0,1283333333,1283333590,0,53612,1283320199,1283367650
78,0,1300000000,1300000290,0,85186,1299986794,1300065849
79,0,1316666667,1316667389,0,78451,1316661898,1316726179
80,0,1333333333,1333333738,0,75852,1333327564,1333389692
81,0,1350000000,1350000407,0,73127,1349993442,1350053768
82,0,1366666667,1366667044,0,99102,1366655201,1366746375
83,0,1383333333,1383333614,0,72070,1383320146,1383386099
84,0,1400000000,1400000315,0,56255,1399987097,1400037018
85,0,1416666667,1416666960,0,54470,1416653582,1416701796
86,0,1433333333,1433333607,0,53785,1433321018,1433367831
87,0,1450000000,1450000272,0,86029,1449986848,1450066707
88,0,1466666667,1466666961,0,73835,1466653610,1466721196
89,0,1483333333,1483333611,0,52759,1483320223,1483366855
90,0,1500000000,1500000306,0,52742,1499986873,1500033541
91,0,1516666667,1516666939,0,93453,1516659417,1516740874
92,0,1533333333,1533333630,0,72144,1533320292,1533385189
93,0,1550000000,1550000510,0,68282,1549991824,1550049157
94,0,1566666667,1566667402,0,98245,1566662770,1566745472
95,0,1583333333,1583334170,0,86081,1583331811,1583400351
96,0,1600000000,1600000397,0,74435,1599993067,1600055127
97,0,1616666667,1616667347,0,66467,1616656267,1616713658
98,0,1633333333,1633333664,0,63469,1633322137,1633377475
99,0,1650000000,1650000293,0,62085,1649988720,1650042697
100,0,1666666667,1666667159,0,79458,1666662471,1666726848
101,0,1683333333,1683334236,0,79864,1683330494,1683394222
102,0,1700000000,1700000367,0,62462,1699988495,1700043272
103,0,1716666667,1716666934,0,58689,1716653631,1716706156
104,0,1733333333,1733333617,0,58513,1733321311,1733372584
105,0,1750000000,1750000255,0,73309,1749987130,1750053931
106,0,1766666667,1766666948,0,88764,1766653512,1766736155
107,0,1783333333,1783333644,0,91103,1783321418,1783405222
108,0,1800000000,1800000357,0,97041,1799991560,1800075754
109,0,1816666667,1816667327,0,81738,1816662546,1816729323
110,0,1833333333,1833334648,0,116669,1833338301,1833430667
111,0,1850000000,1850001125,0,93172,1850004031,1850074051
112,0,1866666667,1866667084,0,74462,1866658956,1866721716
113,0,1883333333,1883333654,0,57803,1883320567,1883371966
114,0,1900000000,1900000273,0,62638,1899993783,1900043358
115,0,1916666667,1916666923,0,57843,1916653733,1916705250
116,0,1933333333,1933333620,0,56296,1933321084,1933370323
117,0,1950000000,1950700090,0,76388,1950688562,1950756972
118,0,1966666667,1966666940,0,56062,1966653852,1966703496
119,0,1983333333,1983333615,0,71914,1983320506,1983369725
120,0,2000000000,2000000315,0,58186,1999987447,2000038915
121,0,2016666667,2016666943,0,56223,2016653774,2016703667
122,0,2033333333,2033333659,0,60355,2033321284,2033374530
123,0,2050000000,2050000796,0,112814,2049992615,2050093502
124,0,2066666667,2066667157,0,74644,2066660644,2066722090
125,0,2083333333,2083333741,0,82476,2083324248,2083396394
126,0,2100000000,2100000415,0,79853,2099989817,2100060574
127,0,2116666667,2116666946,0,96369,2116653653,2116743782
128,0,2133333333,2133333608,0,57281,2133320336,2133369671
129,0,2150000000,2150000286,0,55505,2149987040,2150036279
130,0,2166666667,2166666963,0,56556,2166653854,2166704027
131,0,2183333333,2183333653,0,54322,2183320350,2183368426
132,0,2200000000,2200000264,0,58005,2199987862,2200038751
133,0,2216666667,2216666940,0,56115,2216653645,2216703548
134,0,2233333333,2233333592,0,55061,2233321607,2233369081
135,0,2250000000,2250000612,0,77156,2249994995,2250057716
136,0,2266666667,2266667212,0,101775,2266661653,2266749149
137,0,2283333333,2283333971,0,76107,2283328203,2283390329
138,0,2300000000,2300000507,0,108943,2299988972,2300089763
139,0,2316666667,2316666907,0,73472,2316653647,2316720808
140,0,2333333333,2333333626,0,62766,2333326310,2333376850
141,0,2350000000,2350000270,0,55166,2349987180,2350035887
142,0,2366666667,2366666949,0,56706,2366653953,2366704147
143,0,2383333333,2383333588,0,54827,2383320393,2383368850
144,0,2400000000,2400000278,0,70184,2399987176,2400050876
145,0,2416666667,2416667311,0,97605,2416661802,2416745174
146,0,2433333333,2433333810,0,74367,2433327036,2433388426
147,0,2450000000,2450000631,0,113338,2449994463,2450094220
148,0,2466666667,2466667075,0,67954,2466657097,2466713513
149,0,2483333333,2483333628,0,55860,2483320375,2483369965
150,0,2500000000,2500000293,0,55341,2499987285,2500036133
151,0,2516666667,2516666936,0,59227,2516654070,2516706673
152,0,2533333333,2533333627,0,55917,2533320519,2533369974
153,0,2550000000,2550000275,0,54599,2549986936,2550035391
154,0,2566666667,2566666952,0,61696,2566658829,2566709121
155,0,2583333333,2583333607,0,54155,2583320262,2583368230
156,0,2600000000,2600000365,0,78321,2599989986,2600058734
157,0,2616666667,2616677921,0,178553,2616677952,2616836181
158,0,2633333333,2633333763,0,73443,2633327412,2633387539
159,0,2650000000,2650000560,0,71630,2649992412,2650052416
160,0,2666666667,2666666992,0,60155,2666654564,2666707589
161,0,2683333333,2683333588,0,55858,2683320443,2683369911
162,0,2700000000,2700000290,0,55553,2699987107,2700036304
163,0,2716666667,2716667193,0,68750,2716657985,2716716312
164,0,2733333333,2733333683,0,56680,2733320622,2733370844
165,0,2750000000,2750001208,0,100713,2749998546,2750082166
166,0,2766666667,2766667487,0,111164,2766668908,2766758731
167,0,2783333333,2783334112,0,140773,2783334981,2783454979
168,0,2800000000,2800000726,0,138871,2800001433,2800119493
169,0,2816666667,2816667369,0,96968,2816661538,2816744314
170,0,2833333333,2833333766,0,66296,2833322920,2833380382
171,0,2850000000,2850000298,0,60410,2849987511,2850041135
172,0,2866666667,2866666947,0,62507,2866654648,2866708716
173,0,2883333333,2883334060,0,90678,2883335298,2883405043
174,0,2900000000,2900000660,0,75452,2899994661,2900056490
175,0,2916666667,2916667511,0,76516,2916660848,2916724282
176,0,2933333333,2933333935,0,70671,2933326858,2933384937
177,0,2950000000,2950000291,0,57854,2949987308,2950038604
178,0,2966666667,2966666921,0,57349,2966653875,2966704770
179,0,2983333333,2983333609,0,55900,2983320606,2983369956
180,0,3000000000,3000000268,0,56631,2999987104,3000037314
181,0,3016666667,3016666918,0,57626,3016653869,3016705097
182,0,3033333333,3033334165,0,83034,3033331852,3033397497
183,0,3050000000,3050000608,0,74109,3049993989,3050054982
184,0,3066666667,3066667273,0,110097,3066661356,3066757220
185,0,3083333333,3083333800,0,72027,3083325505,3083385892
186,0,3100000000,3100000282,0,101703,3099986936,3100066328
187,0,3116666667,3116666930,0,87809,3116653691,3116735113
188,0,3133333333,3133334020,0,62512,3133323689,3133376979
189,0,3150000000,3150000297,0,55684,3149987161,3150036379
190,0,3166666667,3166666963,0,56927,3166653861,3166704422
191,0,3183333333,3183333609,0,55139,3183320293,3183369182
192,0,3200000000,3200000258,0,54397,3199986940,3200035103
193,0,3216666667,3216666923,0,56167,3216653714,3216703522
194,0,3233333333,3233333589,0,55542,3233320364,3233369554
195,0,3250000000,3250000257,0,85172,3249986936,3250065925
196,0,3266666667,3266666925,0,86393,3266653516,3266733744
197,0,3283333333,3283333591,0,70327,3283320171,3283384311
198,0,3300000000,3300000264,0,85217,3299986888,3300065972
199,0,3316666667,3316667224,0,102071,3316661050,3316749507
200,0,3333333333,3333333862,0,76042,3333329153,3333389404
201,0,3350000000,3350000862,0,83151,3349997671,3350064276
202,0,3366666667,3366667047,0,84639,3366657153,3366731966
203,0,3383333333,3383333583,0,54778,3383320198,3383368778
204,0,3400000000,3400000279,0,53769,3399986918,3400034499
205,0,3416666667,3416666934,0,72364,3416653484,3416719679
206,0,3433333333,3433333592,0,55324,3433320330,3433369317
207,0,3450000000,3450000275,0,56151,3449987466,3450036847
208,0,3466666667,3466666918,0,56222,3466653663,3466703673
209,0,3483333333,3483333596,0,54931,3483320265,3483368997
210,0,3500000000,3500000704,0,72523,3499993290,3500053436
211,0,3516666667,3516667317,0,78878,3516661777,3516726052
212,0,3533333333,3533334027,0,92254,3533327609,3533406306
213,0,3550000000,3550000519,0,67598,3549991270,3550048495
214,0,3566666667,3566666943,0,58048,3566653744,3566705446
215,0,3583333333,3583333602,0,55195,3583320282,3583369246
216,0,3600000000,3600000478,0,72866,3599993672,3600053386
217,0,3616666667,3616667641,0,100580,3616679549,3616748267
218,0,3633333333,3633334098,0,84973,3633333240,3633399231
219,0,3650000000,3650000514,0,68735,3649991818,3650049517
220,0,3666666667,3666666950,0,59891,3666653920,3666707303
221,0,3683333333,3683333591,0,55478,3683320429,3683369514
222,0,3700000000,3700000261,0,54764,3699987251,3700035516
223,0,3716666667,3716666958,0,56582,3716653857,3716704045
224,0,3733333333,3733333612,0,52905,3733320264,3733366969
225,0,3750000000,3750000255,0,53114,3749986927,3750033835
226,0,3766666667,3766666971,0,57377,3766653838,3766704832
227,0,3783333333,3783333570,0,85038,3783320196,3783398714
228,0,3800000000,3800000270,0,100823,3800002038,3800067806
229,0,3816666667,3816666943,0,72188,3816653595,3816719683
230,0,3833333333,3833333593,0,53043,3833320226,3833367144
231,0,3850000000,3850000252,0,52138,3849986821,3850032883
232,0,3866666667,3866667149,0,78817,3866661337,3866724481
233,0,3883333333,3883333898,0,127144,3883329377,3883441031
234,0,3900000000,3900000813,0,141668,3900002069,3900122304
235,0,3916666667,3916667417,0,80607,3916663472,3916728138
236,0,3933333333,3933334009,0,76127,3933327129,3933390259
237,0,3950000000,3950000581,0,65985,3949989759,3950046866
238,0,3966666667,3966667250,0,73538,3966659651,3966721115
239,0,3983333333,3983333740,0,62306,3983321474,3983376365
240,0,4000000000,4000000925,0,85743,3999997519,4000066792
241,0,4016666667,4016667515,0,91850,4016666521,4016739509
242,0,4033333333,4033333951,0,82292,4033330386,4033396539
243,0,4050000000,4050000457,0,62616,4049988832,4050043393
244,0,4066666667,4066666937,0,59178,4066653815,4066706631
245,0,4083333333,4083333763,0,64584,4083323423,4083378482
246,0,4100000000,4100000279,0,63385,4099993034,4100044084
247,0,4116666667,4116666948,0,57542,4116653696,4116705010
248,0,4133333333,4133333602,0,84977,4133320113,4133399010
249,0,4150000000,4150000268,0,84925,4149986803,4150051733
250,0,4166666667,4166666964,0,72990,4166653515,4166720343
251,0,4183333333,4183333605,0,103339,4183320313,4183417323
252,0,4200000000,4200000280,0,71439,4199986882,4200052102
253,0,4216666667,4216666905,0,71940,4216653495,4216719338
254,0,4233333333,4233333621,0,100085,4233320191,4233398488
255,0,4250000000,4250000285,0,53198,4249986896,4250033989
256,0,4266666667,4266667496,0,77242,4266661641,4266725016
257,0,4283333333,4283334171,0,90089,4283335715,4283404444
258,0,4300000000,4300000504,0,75164,4299994050,4300055967
259,0,4316666667,4316667233,0,105330,4316658004,4316752953
260,0,4333333333,4333333638,0,59349,4333321808,4333373024
261,0,4350000000,4350000305,0,54620,4349987059,4350035412
262,0,4366666667,4366666957,0,56446,4366653842,4366703922
263,0,4383333333,4383333639,0,57132,4383321060,4383371244
264,0,4400000000,4400000312,0,56443,4399987410,4400037240
265,0,4416666667,4416666986,0,56770,4416653897,4416704229
266,0,4433333333,4433333600,0,53367,4433320190,4433367482
267,0,4450000000,4450000736,0,71407,4449993803,4450052283
268,0,4466666667,4466667151,0,116008,4466661630,4466761569
269,0,4483333333,4483334002,0,125528,4483327934,4483438970
270,0,4500000000,4500000637,0,89991,4499993991,4500070916
271,0,4516666667,4516666932,0,105292,4516653700,4516752628
272,0,4533333333,4533333610,0,56184,4533320379,4533370246
273,0,4550000000,4550000300,0,54965,4549987143,4550035709
274,0,4566666667,4566666975,0,55889,4566653759,4566703340
275,0,4583333333,4583333627,0,53690,4583320329,4583367805
276,0,4600000000,4600006487,0,67896,4599996977,4600054781
277,0,4616666667,4616667165,0,93158,4616660806,4616740553
278,0,4633333333,4633334029,0,84989,4633331979,4633399187
279,0,4650000000,4650000550,0,72034,4649993518,4650052963
280,0,4666666667,4666666995,0,77690,4666653880,4666725022
281,0,4683333333,4683333621,0,56163,4683320332,4683370217
282,0,4700000000,4700000326,0,65560,4699989791,4700046190
283,0,4716666667,4716666926,0,58387,4716653645,4716705793
284,0,4733333333,4733333608,0,52864,4733320211,4733366974
285,0,4750000000,4750000284,0,53650,4749986920,4750034379
286,0,4766666667,4766666962,0,54779,4766653836,4766702151
287,0,4783333333,4783333767,0,72466,4783326334,4783386583
288,0,4800000000,4800009044,0,141242,4800009507,4800130284
289,0,4816666667,4816667056,0,151783,4816663203,4816798997
290,0,4833333333,4833333796,0,64898,4833323238,4833379100
291,0,4850000000,4850000321,0,56524,4849987483,4850037329
292,0,4866666667,4866667035,0,56886,4866654013,4866704408
293,0,4883333333,4883333636,0,54829,4883320353,4883368929
294,0,4900000000,4900000299,0,54446,4899987090,4900035211
295,0,4916666667,4916667026,0,64459,4916655843,4916711854
296,0,4933333333,4933333756,0,78044,4933333034,4933392257
297,0,4950000000,4950000556,0,74752,4949994141,4950055361
298,0,4966666667,4966667207,0,104654,4966662330,4966752084
299,0,4983333333,4983333730,0,66153,4983324147,4983380185
300,0,5000000000,5000000300,0,104789,4999987471,5000069402
301,0,5016666667,5016667055,0,80023,5016655849,5016727506
302,0,5033333333,5033333738,0,67892,5033324882,5033382051
303,0,5050000000,5050000233,0,99500,5049988479,5050080056
304,0,5066666667,5066667502,0,82544,5066665424,5066730307
305,0,5083333333,5083333693,0,62922,5083321818,5083376974
306,0,5100000000,5100000469,0,68710,5099992169,5100049525
307,0,5116666667,5116667215,0,96135,5116659473,5116743590
308,0,5133333333,5133334083,0,84310,5133323381,5133397586
309,0,5150000000,5150000802,0,89373,5150001067,5150070351
310,0,5166666667,5166667640,0,109319,5166665718,5166756960
311,0,5183333333,5183333864,0,73481,5183326315,5183387353
312,0,5200000000,5200000278,0,57278,5199987636,5200038009
313,0,5216666667,5216667019,0,82711,5216654327,5216729988
314,0,5233333333,5233333657,0,58059,5233320507,5233372171
315,0,5250000000,5250000317,0,55441,5249987272,5250036232
316,0,5266666667,5266667030,0,57911,5266654082,5266705480
317,0,5283333333,5283333632,0,56022,5283320618,5283370095
318,0,5300000000,5300000810,0,82805,5300002711,5300063973
319,0,5316666667,5316667166,0,109356,5316660781,5316756540
320,0,5333333333,5333334090,0,85427,5333333743,5333399658
321,0,5350000000,5350000533,0,63001,5349989650,5350043831
322,0,5366666667,5366667042,0,59341,5366654052,5366706864
323,0,5383333333,5383333613,0,55037,5383320517,5383369056
324,0,5400000000,5400000262,0,54599,5399987142,5400035354
325,0,5416666667,5416666933,0,57195,5416653712,5416704604
326,0,5433333333,5433333615,0,54434,5433320512,5433368524
327,0,5450000000,5450000456,0,81189,5450001139,5450061676
328,0,5466666667,5466667396,0,111046,5466662266,5466758430
329,0,5483333333,5483333912,0,75760,5483328056,5483389899
330,0,5500000000,5500000446,0,80275,5499989603,5500060921
331,0,5516666667,5516667257,0,88553,5516654170,5516722223
332,0,5533333333,5533333621,0,58700,5533321044,5533372740
333,0,5550000000,5550000249,0,54935,5549987258,5550035619
334,0,5566666667,5566667020,0,58440,5566654090,5566705940
335,0,5583333333,5583333604,0,54257,5583320275,5583368363
336,0,5600000000,5600000263,0,56354,5599988741,5600037066
337,0,5616666667,5616666990,0,61194,5616654699,5616708641
338,0,5633333333,5633334093,0,124340,5633333855,5633438710
339,0,5650000000,5650011342,0,201929,5650019181,5650193405
340,0,5666666667,5666667290,0,93332,5666659957,5666740893
341,0,5683333333,5683333653,0,87022,5683320287,5683401158
342,0,5700000000,5700000265,0,87958,5699986929,5700068630
343,0,5716666667,5716666955,0,72400,5716653526,5716719763
344,0,5733333333,5733333625,0,55517,5733320343,5733369633
345,0,5750000000,5750000268,0,54588,5749987172,5750035287
346,0,5766666667,5766666993,0,57945,5766653954,5766705434
347,0,5783333333,5783334287,0,72538,5783327205,5783387162
348,0,5800000000,5800005324,0,121579,5799998124,5800106970
349,0,5816666667,5816667247,0,99879,5816662177,5816746994
350,0,5833333333,5833333847,0,65438,5833323506,5833379719
351,0,5850000000,5850000392,0,66396,5849990771,5850047186
352,0,5866666667,5866667053,0,69915,5866660034,5866714323
353,0,5883333333,5883333640,0,55822,5883320601,5883369904
354,0,5900000000,5900000291,0,54650,5899987117,5900035327
355,0,5916666667,5916666968,0,59270,5916653901,5916706767
356,0,5933333333,5933333591,0,85526,5933320147,5933399489
357,0,5950000000,5950000689,0,79745,5949996398,5950060635
358,0,5966666667,5966667182,0,157636,5966659846,5966804672
359,0,5983333333,5983333878,0,142742,5983326898,5983456492
360,0,6000000000,6000000528,0,70116,5999992102,6000050811
361,0,6016666667,6016666997,0,90455,6016653965,6016737754
362,0,6033333333,6033333604,0,56219,6033320378,6033370256
363,0,6050000000,6050000486,0,64963,6049990053,6050045802
364,0,6066666667,6066666957,0,57823,6066653732,6066705259
365,0,6083333333,6083333589,0,55296,6083320380,6083369398
366,0,6100000000,6100000529,0,74943,6099993949,6100055823
367,0,6116666667,6116667232,0,91405,6116659941,6116738851
368,0,6133333333,6133333947,0,75757,6133329253,6133389966
369,0,6150000000,6150000324,0,61116,6149988167,6150041883
370,0,6166666667,6166667521,0,99506,6166660276,6166747327
371,0,6183333333,6183333873,0,64351,6183323170,6183378701
372,0,6200000000,6200000747,0,80864,6199997143,6200061876
373,0,6216666667,6216667377,0,67906,6216656649,6216715676
374,0,6233333333,6233334072,0,81316,6233331165,6233395571
375,0,6250000000,6250000675,0,82955,6249998342,6250063855
376,0,6266666667,6266667313,0,96963,6266659063,6266744638
377,0,6283333333,6283334040,0,129720,6283329466,6283443551
378,0,6300000000,6300000772,0,152498,6300015001,6300133469
379,0,6316666667,6316677887,0,156762,6316678062,6316814704
380,0,6333333333,6333333999,0,77302,6333329339,6333391528
381,0,6350000000,6350000294,0,57560,6349987285,6350038308
382,0,6366666667,6366666922,0,62111,6366654550,6366709563
383,0,6383333333,6383333878,0,71264,6383325255,6383385300
384,0,6400000000,6400000527,0,73676,6399993805,6400054334
385,0,6416666667,6416667268,0,76906,6416661417,6416724070
386,0,6433333333,6433333926,0,69970,6433324962,6433384136
387,0,6450000000,6450000290,0,57367,6449987317,6450038154
388,0,6466666667,6466666967,0,59373,6466654132,6466706891
389,0,6483333333,6483333629,0,55165,6483320570,6483369294
390,0,6500000000,6500000310,0,54317,6499987072,6500035154
391,0,6516666667,6516666980,0,56440,6516653684,6516703924
392,0,6533333333,6533333611,0,101243,6533320147,6533415227
393,0,6550000000,6550000297,0,86423,6549987335,6550067104
394,0,6566666667,6566666935,0,54763,6566653635,6566702191
395,0,6583333333,6583333601,0,52803,6583320233,6583366894
396,0,6600000000,6600000265,0,52666,6599986814,6600033405
397,0,6616666667,6616666922,0,55210,6616653616,6616702594
398,0,6633333333,6633333631,0,53173,6633320357,6633367268
399,0,6650000000,6650000259,0,53037,6649986881,6650033835
400,0,6666666667,6666666963,0,58981,6666653726,6666704513
401,0,6683333333,6683333630,0,88087,6683320505,6683402003
402,0,6700000000,6700000290,0,53280,6699986926,6700034101
403,0,6716666667,6716666969,0,54840,6716653564,6716702268
404,0,6733333333,6733333606,0,53056,6733320150,6733367125
405,0,6750000000,6750000269,0,52918,6749986851,6750033672
406,0,6766666667,6766676223,0,126056,6766683789,6766782660
407,0,6783333333,6783333962,0,150492,6783332692,6783464691
408,0,6800000000,6800000761,0,112586,6799994524,6800079268
409,0,6816666667,6816667697,0,73028,6816659734,6816721060
410,0,6833333333,6833333610,0,56899,6833320393,6833371026
411,0,6850000000,6850000258,0,54508,6849986995,6850035200
412,0,6866666667,6866666949,0,56021,6866653821,6866703505
413,0,6883333333,6883333625,0,61386,6883321941,6883375434
414,0,6900000000,6900000268,0,56343,6899987287,6900037031
415,0,6916666667,6916666927,0,56172,6916653875,6916703590
416,0,6933333333,6933333877,0,67999,6933326187,6933382274
417,0,6950000000,6950000778,0,116690,6950003903,6950097618
418,0,6966666667,6966667304,0,101533,6966663216,6966748748
419,0,6983333333,6983334006,0,77672,6983328288,6983391768
420,0,7000000000,7000000398,0,76887,6999987605,7000057602
421,0,7016666667,7016666960,0,74562,7016653510,7016721840
422,0,7033333333,7033333592,0,56421,7033320400,7033370463
423,0,7050000000,7050000265,0,54683,7049987004,7050035442
424,0,7066666667,7066666948,0,56565,7066653760,7066704041
425,0,7083333333,7083333622,0,54625,7083320338,7083368695
426,0,7100000000,7100000266,0,56873,7099987450,7100037594
427,0,7116666667,7116667354,0,83391,7116664286,7116731027
428,0,7133333333,7133334177,0,81209,7133330183,7133395138
429,0,7150000000,7150000585,0,78855,7149996087,7150059408
430,0,7166666667,7166667045,0,63694,7166656221,7166711183
431,0,7183333333,7183333630,0,54983,7183320334,7183369127
432,0,7200000000,7200000391,0,59671,7199988122,7200040529
433,0,7216666667,7216666937,0,56929,7216653633,7216704385
434,0,7233333333,7233333608,0,54967,7233320340,7233369045
435,0,7250000000,7250000288,0,54441,7249986971,7250035234
436,0,7266666667,7266666935,0,56134,7266653814,7266703550
437,0,7283333333,7283333635,0,54957,7283320353,7283369097
438,0,7300000000,7300000280,0,57939,7299987483,7300038707
439,0,7316666667,7316667086,0,89857,7316658242,7316737303
440,0,7333333333,7333334021,0,65989,7333324369,7333380463
441,0,7350000000,7350000556,0,76258,7349995296,7350057192
442,0,7366666667,7366667530,0,106793,7366666894,7366754420
443,0,7383333333,7383334163,0,112282,7383337637,7383426520
444,0,7400000000,7400000992,0,94914,7400002684,7400075810
445,0,7416666667,7416667753,0,123985,7416669638,7416771522
446,0,7433333333,7433333878,0,75784,7433327928,7433390008
447,0,7450000000,7450000460,0,62778,7449988839,7450043712
448,0,7466666667,7466667292,0,79168,7466662297,7466726768
449,0,7483333333,7483333965,0,75797,7483328124,7483389921
450,0,7500000000,7500000557,0,78629,7499995569,7500059276
451,0,7516666667,7516667164,0,67377,7516656271,7516714885
452,0,7533333333,7533333627,0,57195,7533320661,7533371285
453,0,7550000000,7550000309,0,54609,7549987225,7550035356
454,0,7566666667,7566666923,0,56566,7566653807,7566704024
455,0,7583333333,7583333625,0,54760,7583320442,7583368896
456,0,7600000000,7600000286,0,56165,7599987062,7600034987
457,0,7616666667,7616666973,0,56865,7616653730,7616704288
458,0,7633333333,7633333622,0,73049,7633320313,7633387055
459,0,7650000000,7650000314,0,55114,7649987213,7650035890
460,0,7666666667,7666666977,0,72267,7666653568,7666719657
461,0,7683333333,7683333840,0,65529,7683324116,7683379789
462,0,7700000000,7700000604,0,70329,7699992689,7700051248
463,0,7716666667,7716667506,0,107181,7716665905,7716754467
464,0,7733333333,7733334007,0,79444,7733329582,7733393746
465,0,7750000000,7750000269,0,58884,7749987331,7750039565
466,0,7766666667,7766666941,0,57845,7766654008,7766705311
467,0,7783333333,7783333638,0,55201,7783320454,7783369285
468,0,7800000000,7800000290,0,54988,7799987040,7800035790
469,0,7816666667,7816666968,0,57614,7816653955,7816705065
470,0,7833333333,7833333594,0,53021,7833320178,7833367129
471,0,7850000000,7850000265,0,53174,7849986886,7850033895
472,0,7866666667,7866666929,0,53983,7866653549,7866701237
473,0,7883333333,7883333631,0,52726,7883320194,7883366866
474,0,7900000000,7900000280,0,52442,7899986890,7900033179
475,0,7916666667,7916666935,0,55038,7916653676,7916702457
476,0,7933333333,7933333690,0,75637,7933322036,7933389546
477,0,7950000000,7950000284,0,55706,7949987221,7950036440
478,0,7966666667,7966666970,0,76243,7966658457,7966723672
479,0,7983333333,7983333664,0,52782,7983320543,7983366899
480,0,8000000000,8000000285,0,52881,7999986888,8000033674
481,0,8016666667,8016666942,0,54631,8016653494,8016701963
482,0,8033333333,8033333804,0,73386,8033327446,8033387573
483,0,8050000000,8050000492,0,73042,8049993480,8050053734
484,0,8066666667,8066667261,0,75518,8066660283,8066722843
485,0,8083333333,8083333860,0,72940,8083326899,8083386947
486,0,8100000000,8100000304,0,95205,8099996623,8100075807
487,0,8116666667,8116666911,0,87593,8116653597,8116734914
488,0,8133333333,8133333634,0,56746,8133320672,8133370878
489,0,8150000000,8150000291,0,58003,8149987226,8150038763
490,0,8166666667,8166666987,0,58305,8166653860,8166705785
491,0,8183333333,8183333641,0,54086,8183320373,8183368237
492,0,8200000000,8200000289,0,54592,8199986985,8200035384
493,0,8216666667,8216666956,0,56842,8216654035,8216704275
494,0,8233333333,8233333611,0,55130,8233320422,8233369256
495,0,8250000000,8250000591,0,86692,8249999643,8250067604
496,0,8266666667,8266667279,0,111719,8266662124,8266759245
497,0,8283333333,8283333900,0,76612,8283328188,8283390803
498,0,8300000000,8300000345,0,105070,8299987663,8300085558
499,0,8316666667,8316666976,0,87411,8316653584,8316734912
500,0,8333333333,8333333622,0,55643,8333320529,8333369763
501,0,8350000000,8350000360,0,58772,8349987775,8350039569
502,0,8366666667,8366666938,0,55970,8366653596,8366703398
503,0,8383333333,8383333624,0,54879,8383320543,8383368917
504,0,8400000000,8400000284,0,54200,8399987055,8400035001
505,0,8416666667,8416666966,0,56812,8416653724,8416704227
506,0,8433333333,8433333624,0,54297,8433320382,8433368349
507,0,8450000000,8450000523,0,107564,8449995358,8450088238
508,0,8466666667,8466667648,0,119977,8466670791,8466767307
509,0,8483333333,8483334162,0,92604,8483334862,8483406428
510,0,8500000000,8500000711,0,142501,8500004038,8500123441
511,0,8516666667,8516667353,0,79814,8516662599,8516727519
512,0,8533333333,8533333885,0,63822,8533322749,8533378030
513,0,8550000000,8550000327,0,61530,8549987947,8550042148
514,0,8566666667,8566667042,0,60622,8566654896,8566708092
515,0,8583333333,8583333798,0,67515,8583324237,8583381792
516,0,8600000000,8600000311,0,58075,8599987201,8600038816
517,0,8616666667,8616666992,0,57315,8616654172,8616704783
518,0,8633333333,8633333638,0,55382,8633320439,8633369476
519,0,8650000000,8650000285,0,55173,8649987010,8650035957
520,0,8666666667,8666667189,0,70688,8666658218,8666716253
521,0,8683333333,8683333837,0,74481,8683327138,8683388582
522,0,8700000000,8700000561,0,76328,8699994615,8700056952
523,0,8716666667,8716667027,0,105188,8716659338,8716752560
524,0,8733333333,8733333627,0,57451,8733320692,8733371542
525,0,8750000000,8750000280,0,54825,8749987166,8750035605
526,0,8766666667,8766667019,0,67136,8766656046,8766714608
527,0,8783333333,8783333620,0,56283,8783320464,8783370366
528,0,8800000000,8800000267,0,55395,8799986985,8800036122
529,0,8816666667,8816666971,0,56452,8816653896,8816703902
530,0,8833333333,8833333605,0,53237,8833320223,8833367320
531,0,8850000000,8850000303,0,53663,8849987093,8850034437
532,0,8866666667,8866667022,0,80676,8866654117,8866727756
533,0,8883333333,8883333618,0,73872,8883320192,8883387890
534,0,8900000000,8900000252,0,84814,8899986902,8900051980
535,0,8916666667,8916667507,0,106445,8916660776,8916753821
536,0,8933333333,8933333863,0,74113,8933327892,8933388148
537,0,8950000000,8950008168,0,76197,8950001923,8950064172
538,0,8966666667,8966667327,0,70213,8966659213,8966717802
539,0,8983333333,8983335673,0,58436,8983323092,8983374557
540,0,9000000000,9000000298,0,56190,8999987213,9000036940
541,0,9016666667,9016666953,0,56563,9016653690,9016704048
542,0,9033333333,9033333637,0,55326,9033320329,9033369412
543,0,9050000000,9050000284,0,54193,9049987060,9050034980
544,0,9066666667,9066666979,0,56603,9066653534,9066704061
545,0,9083333333,9083333683,0,57530,9083320824,9083371659
546,0,9100000000,9100000346,0,55125,9099987505,9100035988
547,0,9116666667,9116666962,0,61137,9116653651,9116708591
548,0,9133333333,9133333634,0,71303,9133320185,9133385251
549,0,9150000000,9150000291,0,52485,9149986883,9150033227
550,0,9166666667,9166666963,0,105744,9166657284,9166752956
551,0,9183333333,9183333621,0,53656,9183320345,9183367731
552,0,9200000000,9200000272,0,53336,9199986874,9200034075
553,0,9216666667,9216666961,0,54327,9216653521,9216701635
554,0,9233333333,9233333632,0,52511,9233320240,9233366569
555,0,9250000000,9250000267,0,84720,9249986870,9250065467
556,0,9266666667,9266666987,0,86515,9266653610,9266734003
557,0,9283333333,9283333589,0,55644,9283320792,9283369704
558,0,9300000000,9300000297,0,53482,9299986927,9300034255
559,0,9316666667,9316666952,0,54153,9316653548,9316701512
560,0,9333333333,9333333640,0,59514,9333325849,9333373589
561,0,9350000000,9350000789,0,86307,9350000382,9350067145
562,0,9366666667,9366667205,0,103360,9366661326,9366750715
563,0,9383333333,9383334083,0,99863,9383332208,9383414123
564,0,9400000000,9400000710,0,127678,9399996124,9400108183
565,0,9416666667,9416667802,0,78336,9416662498,9416726391
566,0,9433333333,9433333954,0,78697,9433329071,9433392989
567,0,9450000000,9450000496,0,68177,9449990683,9450049042
568,0,9466666667,9466666982,0,59380,9466654301,9466706847
569,0,9483333333,9483333624,0,59647,9483320515,9483373718
570,0,9500000000,9500000310,0,59015,9499987628,9500039752
571,0,9516666667,9516666977,0,58383,9516654118,9516705829
572,0,9533333333,9533333646,0,53368,9533320272,9533367480
573,0,9550000000,9550000269,0,53480,9549986908,9550034233
574,0,9566666667,9566666925,0,54390,9566653553,9566701779
575,0,9583333333,9583333638,0,57070,9583321198,9583371182
576,0,9600000000,9600000582,0,69811,9599992675,9600050727
577,0,9616666667,9616667295,0,87580,9616655955,9616735269
578,0,9633333333,9633334313,0,77031,9633329361,9633391562
579,0,9650000000,9650000480,0,63128,9649989294,9650044017
580,0,9666666667,9666667070,0,94964,9666655208,9666742345
581,0,9683333333,9683333822,0,82047,9683322278,9683395878
582,0,9700000000,9700000785,0,136168,9699999274,9700116777
583,0,9716666667,9716667625,0,147223,9716668155,9716794891
584,0,9733333333,9733333996,0,82304,9733330672,9733396445
585,0,9750000000,9750000430,0,60367,9749988089,9750041220
586,0,9766666667,9766666974,0,58360,9766654121,9766705809
587,0,9783333333,9783333660,0,56397,9783320617,9783370584
588,0,9800000000,9800000332,0,59985,9799988790,9800040808
589,0,9816666667,9816666951,0,58343,9816653908,9816705779
590,0,9833333333,9833333594,0,53432,9833320241,9833367525
591,0,9850000000,9850000278,0,53552,9849986952,9850034245
592,0,9866666667,9866666966,0,72458,9866653571,9866703100
593,0,9883333333,9883333604,0,59002,9883325549,9883373110
594,0,9900000000,9900000422,0,130744,9899989184,9900111369
595,0,9916666667,9916666933,0,74893,9916653694,9916722209
596,0,9933333333,9933333615,0,53092,9933320280,9933367183
597,0,9950000000,9950000273,0,54745,9949987144,9950035468
598,0,9966666667,9966667120,0,77221,9966662861,9966724737
599,0,9983333333,9983333796,0,114469,9983328069,9983428340
600,0,10000000000,10000000543,0,106313,9999994222,10000087053
601,0,10016666667,10016667221,0,82447,10016656596,10016729424
602,0,10033333333,10033333627,0,57212,10033320490,10033371235
603,0,10050000000,10050000271,0,55344,10049987076,10050036062
604,0,10066666667,10066666945,0,57024,10066653823,10066704484
605,0,10083333333,10083333601,0,55148,10083320434,10083369194
606,0,10100000000,10100000280,0,54829,10099987006,10100035570
607,0,10116666667,10116667117,0,57834,10116654172,10116705430
608,0,10133333333,10133333613,0,54352,10133320244,10133368433
609,0,10150000000,10150000290,0,84528,10149986899,10150065242
610,0,10166666667,10166666948,0,56869,10166653763,10166704357
611,0,10183333333,10183333796,0,71458,10183326800,10183385607
612,0,10200000000,10200000531,0,73481,10199992911,10200054319
613,0,10216666667,10216667350,0,109712,10216663656,10216757220
614,0,10233333333,10233333586,0,56957,10233320653,10233371018
615,0,10250000000,10250000281,0,55356,10249987044,10250036088
616,0,10266666667,10266666954,0,56677,10266653883,10266704089
617,0,10283333333,10283582156,0,73534,10283570218,10283636102
618,0,10300000000,10300000254,0,55604,10299987014,10300036294
619,0,10316666667,10316666925,0,77751,10316654085,10316725087
620,0,10333333333,10333336362,0,87161,10333323187,10333403713
621,0,10350000000,10350000268,0,53567,10349987040,10350034247
622,0,10366666667,10366666949,0,103540,10366653925,10366750810
623,0,10383333333,10383333586,0,54166,10383320161,10383368218
624,0,10400000000,10400000279,0,84371,10399986918,10400065053
625,0,10416666667,10416666939,0,55125,10416653616,10416702511
626,0,10433333333,10433333638,0,54967,10433320913,10433369119
627,0,10450000000,10450002810,0,74474,10449996634,10450057613
628,0,10466666667,10466667257,0,91664,10466660287,10466739014
629,0,10483333333,10483333890,0,75857,10483328364,10483390147
630,0,10500000000,10500000673,0,61443,10499988894,10500042463
631,0,10516666667,10516666923,0,55669,10516653658,10516702942
632,0,10533333333,10533333761,0,61954,10533322342,10533375985
633,0,10550000000,10550000307,0,55882,10549987293,10550036664
634,0,10566666667,10566666969,0,56381,10566653687,10566703823
635,0,10583333333,10583333621,0,54456,10583320348,10583368596
636,0,10600000000,10600000316,0,55082,10599987040,10600035848
637,0,10616666667,10616666940,0,56287,10616653982,10616703762
638,0,10633333333,10633333636,0,56039,10633320781,10633370195
639,0,10650000000,10650000289,0,53815,10649986927,10650034611
640,0,10666666667,10666666948,0,54126,10666653569,10666701468
641,0,10683333333,10683333619,0,52737,10683320296,10683366862
642,0,10700000000,10700000296,0,52798,10699986892,10700033621
643,0,10716666667,10716666944,0,81259,10716654095,10716728555
644,0,10733333333,10733333955,0,123458,10733328109,10733437541
645,0,10750000000,10750000425,0,63908,10749989117,10750044691
646,0,10766666667,10766667554,0,123382,10766701604,10766770898
647,0,10783333333,10783334111,0,141899,10783335067,10783456145
648,0,10800000000,10800000745,0,140765,10800002310,10800121461
649,0,10816666667,10816667386,0,111463,10816663264,10816759104
650,0,10833333333,10833333704,0,61324,10833321434,10833375480
651,0,10850000000,10850000461,0,71502,10849993371,10850052304
652,0,10866666667,10866667015,0,62867,10866654770,10866710305
653,0,10883333333,10883333619,0,57329,10883320652,10883371398
654,0,10900000000,10900000275,0,55879,10899987111,10900036613
655,0,10916666667,10916666945,0,57640,10916653876,10916705052
656,0,10933333333,10933333624,0,52742,10933320237,10933366853
657,0,10950000000,10950000264,0,54235,10949987086,10950034990
658,0,10966666667,10966666940,0,54480,10966653569,10966701848
659,0,10983333333,10983333605,0,53045,10983320159,10983367144
660,0,11000000000,11000000282,0,52836,10999986891,11000033578
661,0,11016666667,11016666927,0,76760,11016658941,11016708256
662,0,11033333333,11033333627,0,52937,11033320291,11033367028
663,0,11050000000,11050000286,0,53301,11049986960,11050034078
664,0,11066666667,11066666936,0,54277,11066653504,11066701588
665,0,11083333333,11083333956,0,93855,11083328388,11083408070
666,0,11100000000,11100000700,0,78928,11099996535,11100059358
667,0,11116666667,11116667303,0,80447,11116663882,11116727899
668,0,11133333333,11133333667,0,64151,11133323253,11133378229
669,0,11150000000,11150000347,0,60025,11149987985,11150040788
670,0,11166666667,11166666958,0,57619,11166653706,11166705064
671,0,11183333333,11183333626,0,55302,11183320459,11183369399
672,0,11200000000,11200000272,0,56570,11199987052,11200036264
673,0,11216666667,11216666947,0,56674,11216653913,11216704129
674,0,11233333333,11233333580,0,52860,11233320216,11233366934
675,0,11250000000,11250000254,0,57535,11249987424,11250038253
676,0,11266666667,11266666927,0,74668,11266653604,11266722100
677,0,11283333333,11283333587,0,53444,11283320253,11283367486
678,0,11300000000,11300000284,0,53095,11299986909,11300033839
679,0,11316666667,11316666926,0,54786,11316653561,11316702157
680,0,11333333333,11333333587,0,52906,11333320194,11333366954
681,0,11350000000,11350000261,0,53216,11349986849,11350034006
682,0,11366666667,11366666910,0,54846,11366653697,11366702110
683,0,11383333333,11383333614,0,72800,11383320201,11383386789
684,0,11400000000,11400000285,0,70667,11399986895,11400051318
685,0,11416666667,11416666955,0,54681,11416653545,11416702031
686,0,11433333333,11433333615,0,52262,11433320226,11433366420
687,0,11450000000,11450000262,0,84410,11449986977,11450065161
688,0,11466666667,11466666950,0,72547,11466653552,11466719844
689,0,11483333333,11483333599,0,53041,11483320312,11483367110
690,0,11500000000,11500000277,0,52528,11499986860,11500033245
691,0,11516666667,11516666949,0,54362,11516653577,11516701606
692,0,11533333333,11533333616,0,56949,11533324513,11533371058
693,0,11550000000,11550000481,0,72134,11549993901,11550052716
694,0,11566666667,11566667222,0,106087,11566659842,11566753518
695,0,11583333333,11583333794,0,74557,11583327601,11583388347
696,0,11600000000,11600000433,0,67730,11599991084,11600048408
697,0,11616666667,11616666927,0,104054,11616653513,11616751347
698,0,11633333333,11633333609,0,55676,11633320603,11633369768
699,0,11650000000,11650000267,0,53973,11649987095,11650034752
700,0,11666666667,11666666921,0,59513,11666654356,11666706866
701,0,11683333333,11683333637,0,56242,11683320633,11683370365
702,0,11700000000,11700000295,0,58353,11699988777,11700039109
703,0,11716666667,11716666947,0,60612,11716654417,11716708001
704,0,11733333333,11733333613,0,102062,11733320304,11733416092
705,0,11750000000,11750000266,0,59961,11749992683,11750040685
706,0,11766666667,11766666957,0,57376,11766653813,11766704807
707,0,11783333333,11783333575,0,102512,11783320310,11783416335
708,0,11800000000,11800000253,0,53192,11799986992,11800033907
709,0,11816666667,11816666947,0,54238,11816653531,11816701554
710,0,11833333333,11833333626,0,53241,11833320382,11833367344
711,0,11850000000,11850000246,0,85172,11849986944,11850065809
712,0,11866666667,11866666984,0,66090,11866657452,11866713611
713,0,11883333333,11883334045,0,74538,11883328596,11883388873
714,0,11900000000,11900000640,0,68777,11899991414,11900049694
715,0,11916666667,11916667141,0,90138,11916656760,11916737451
716,0,11933333333,11933333711,0,62103,11933321648,11933376248
717,0,11950000000,11950000482,0,66099,11949990061,11950046985
718,0,11966666667,11966666962,0,58796,11966654352,11966706272
719,0,11983333333,11983333844,0,73566,11983327405,11983387802
720,0,12000000000,12000000761,0,133125,11999998603,12000114046
721,0,12016666667,12016667265,0,95365,12016662778,12016742502
722,0,12033333333,12033333935,0,76701,12033327915,12033390903
723,0,12050000000,12050000382,0,64789,12049989892,12050045603
724,0,12066666667,12066666959,0,58551,12066653965,12066706003
725,0,12083333333,12083333729,0,63548,12083322709,12083377522
726,0,12100000000,12100000296,0,57793,12099987434,12100038522
727,0,12116666667,12116666961,0,57660,12116653767,12116705085
728,0,12133333333,12133333587,0,72898,12133320290,12133386896
729,0,12150000000,12150000264,0,71046,12149986906,12150051724
730,0,12166666667,12166667002,0,59013,12166654023,12166706506
731,0,12183333333,12183333645,0,57310,12183320511,12183371454
732,0,12200000000,12200000295,0,69797,12199987156,12200050500
733,0,12216666667,12216666947,0,54158,12216653530,12216701534
734,0,12233333333,12233333594,0,52906,12233320228,12233366991
735,0,12250000000,12250000280,0,52465,12249986921,12250033266
736,0,12266666667,12266666990,0,71696,12266653782,12266703316
737,0,12283333333,12283333607,0,52446,12283320176,12283366519
738,0,12300000000,12300000278,0,54058,12299987260,12300034779
739,0,12316666667,12316666949,0,54035,12316653600,12316701367
740,0,12333333333,12333333613,0,88116,12333320459,12333402121
741,0,12350000000,12350000271,0,70815,12349986968,12350051486
742,0,12366666667,12366666926,0,54625,12366653531,12366701955
743,0,12383333333,12383333597,0,53877,12383320235,12383367927
744,0,12400000000,12400000278,0,85808,12399986902,12400066502
745,0,12416666667,12416666916,0,73458,12416653685,12416720771
746,0,12433333333,12433333590,0,58072,12433325042,12433372141
747,0,12450000000,12450000282,0,53839,12449987032,12450034597
748,0,12466666667,12466666957,0,56171,12466653821,12466703664
749,0,12483333333,12483350182,0,89726,12483358995,12483420235
750,0,12500000000,12500000863,0,85334,12499999986,12500066485
751,0,12516666667,12516667292,0,116680,12516661313,12516764165
752,0,12533333333,12533333701,0,66183,12533327742,12533380244
753,0,12550000000,12550000268,0,55145,12549987033,12550035867
754,0,12566666667,12566666956,0,56696,12566653833,12566704107
755,0,12583333333,12583333619,0,54963,12583320292,12583369029
756,0,12600000000,12600000369,0,58845,12599987512,12600039690
757,0,12616666667,12616666973,0,56433,12616653672,12616703893
758,0,12633333333,12633333627,0,53132,12633320257,12633367218
759,0,12650000000,12650000263,0,85354,12649986964,12650065970
760,0,12666666667,12666666918,0,88264,12666653657,12666733623
761,0,12683333333,12683333607,0,53219,12683320230,12683367291
762,0,12700000000,12700000281,0,55813,12699987142,12700036559
763,0,12716666667,12716666977,0,75133,12716654034,12716722556
764,0,12733333333,12733333630,0,53467,12733320351,12733367548
765,0,12750000000,12750000257,0,53051,12749986884,12750033768
766,0,12766666667,12766666957,0,54714,12766653739,12766702113
767,0,12783333333,12783333616,0,53064,12783320245,12783367152
768,0,12800000000,12800000261,0,52673,12799986867,12800033427
769,0,12816666667,12816666933,0,78876,12816653840,12816704187
770,0,12833333333,12833333616,0,59552,12833325887,12833373570
771,0,12850000000,12850009060,0,86454,12849996066,12850075903
772,0,12866666667,12866666942,0,101855,12866653539,12866733217
773,0,12883333333,12883333605,0,52199,12883320258,12883366275
774,0,12900000000,12900000259,0,70668,12899986862,12900051288
775,0,12916666667,12916666930,0,108279,12916653703,12916755585
776,0,12933333333,12933333617,0,71434,12933320272,12933385386
777,0,12950000000,12950015169,0,57067,12950002103,12950052616
778,0,12966666667,12966666947,0,102794,12966653604,12966750177
779,0,12983333333,12983333611,0,52655,12983320272,12983366736
780,0,13000000000,13000000744,0,83374,12999999679,13000064215
781,0,13016666667,13016667247,0,85249,13016665769,13016732454
782,0,13033333333,13033333907,0,66747,13033322402,13033380844
783,0,13050000000,13050000747,0,82984,13049999201,13050063980
784,0,13066666667,13066667192,0,64346,13066655347,13066711977
785,0,13083333333,13083333748,0,67838,13083324381,13083382023
786,0,13100000000,13100000310,0,59811,13099988048,13100040586
787,0,13116666667,13116666925,0,57257,13116653744,13116704671
788,0,13133333333,13133334059,0,94401,13133329008,13133408569
789,0,13150000000,13150000393,0,72602,13149987688,13150053436
790,0,13166666667,13166666921,0,104352,13166653684,13166735788
791,0,13183333333,13183333620,0,53811,13183320305,13183367926
792,0,13200000000,13200000304,0,53525,13199987469,13200034302
793,0,13216666667,13216666913,0,55801,13216653594,13216703103
794,0,13233333333,13233333614,0,52560,13233320201,13233366674
795,0,13250000000,13250000265,0,52295,13249986950,13250033051
796,0,13266666667,13266666961,0,54872,13266653591,13266702290
797,0,13283333333,13283333624,0,53611,13283320290,13283367753
798,0,13300000000,13300000277,0,85770,13299986874,13300066444
799,0,13316666667,13316666957,0,86521,13316653628,13316733943
800,0,13333333333,13333333752,0,59136,13333321872,13333373349
801,0,13350000000,13350000274,0,85541,13349986992,13350066243
802,0,13366666667,13366666954,0,72109,13366653556,13366719534
803,0,13383333333,13383333628,0,71260,13383320266,13383385288
804,0,13400000000,13400000272,0,70471,13399986923,13400051098
805,0,13416666667,13416666967,0,85858,13416653648,13416733316
806,0,13433333333,13433333612,0,55535,13433320359,13433369582
807,0,13450000000,13450000308,0,100559,13449986979,13450065145
808,0,13466666667,13466666950,0,54204,13466653578,13466701483
809,0,13483333333,13483333580,0,52537,13483320297,13483366612
810,0,13500000000,13500000273,0,101136,13499987034,13500066028
811,0,13516666667,13516666950,0,72272,13516653581,13516719609
812,0,13533333333,13533333632,0,76837,13533326263,13533390914
813,0,13550000000,13550000279,0,102553,13549987050,13550067531
814,0,13566666667,13566666950,0,73133,13566653634,13566720578
815,0,13583333333,13583333629,0,53219,13583320329,13583367342
816,0,13600000000,13600000257,0,53427,13599986882,13600034140
817,0,13616666667,13616666931,0,54169,13616653596,13616701436
818,0,13633333333,13633333603,0,53629,13633320366,13633367678
819,0,13650000000,13650000277,0,100271,13649986924,13650065310
820,0,13666666667,13666666973,0,79642,13666657928,13666726987
821,0,13683333333,13683333632,0,52663,13683320285,13683366768
822,0,13700000000,13700000300,0,55020,13699987305,13700035763
823,0,13716666667,13716666941,0,71795,13716653804,13716719147
824,0,13733333333,13733333605,0,70197,13733320217,13733384149
825,0,13750000000,13750000262,0,87913,13749987826,13750068561
826,0,13766666667,13766666932,0,73139,13766653491,13766720393
827,0,13783333333,13783333616,0,52864,13783320228,13783366943
828,0,13800000000,13800000255,0,53053,13799986894,13800033786
829,0,13816666667,13816666949,0,58529,13816657588,13816705976
830,0,13833333333,13833333623,0,52807,13833320113,13833366937
831,0,13850000000,13850000284,0,57172,13849987563,13850037922
832,0,13866666667,13866666949,0,73962,13866653595,13866721311
833,0,13883333333,13883333621,0,52592,13883320152,13883366710
834,0,13900000000,13900000299,0,83837,13899986823,13900064518
835,0,13916666667,13916666932,0,86537,13916653545,13916733843
836,0,13933333333,13933333634,0,69303,13933320173,13933383437
837,0,13950000000,13950000270,0,54494,13949987029,13950035221
838,0,13966666667,13966667018,0,86456,13966655429,13966733937
839,0,13983333333,13983333638,0,71267,13983320292,13983385269
840,0,14000000000,14000000314,0,85943,13999986940,14000066609
841,0,14016666667,14016666964,0,86932,14016653517,14016734336
842,0,14033333333,14033333646,0,71489,14033320313,14033385541
843,0,14050000000,14050001487,0,70922,14049988338,14050052867
844,0,14066666667,14066666932,0,79510,14066658702,14066726855
845,0,14083333333,14083333605,0,72524,14083320198,14083386503
846,0,14100000000,14100000273,0,70534,14099986889,14100051148
847,0,14116666667,14116666927,0,102349,14116653587,14116733692
848,0,14133333333,14133333636,0,54797,14133320454,14133368842
849,0,14150000000,14150000416,0,87941,14149992331,14150068653
850,0,14166666667,14166667683,0,186521,14166671470,14166834217
851,0,14183333333,14183334148,0,114201,14183337890,14183427756
852,0,14200000000,14200006626,0,118337,14200013815,14200104996
853,0,14216666667,14216667410,0,87005,14216665265,14216734499
854,0,14233333333,14233333764,0,62516,14233322263,14233376658
855,0,14250000000,14250000256,0,58058,14249987305,14250038767
856,0,14266666667,14266667063,0,74899,14266660022,14266722421
857,0,14283333333,14283333616,0,60259,14283321655,14283374342
858,0,14300000000,14300000286,0,57170,14299987148,14300037951
859,0,14316666667,14316666971,0,57726,14316653884,14316705283
860,0,14333333333,14333333596,0,72086,14333320206,14333367657
861,0,14350000000,14350000251,0,53804,14349987287,14350034529
862,0,14366666667,14366666964,0,57139,14366653748,14366704600
863,0,14383333333,14383333584,0,85676,14383320185,14383399667
864,0,14400000000,14400000291,0,53871,14399986944,14400034647
865,0,14416666667,14416666939,0,104069,14416653586,14416751364
866,0,14433333333,14433333604,0,53055,14433320268,14433367138
867,0,14450000000,14450000282,0,53071,14449986865,14450033824
868,0,14466666667,14466666950,0,55387,14466653580,14466702767
869,0,14483333333,14483333587,0,57742,14483324034,14483371838
870,0,14500000000,14500000252,0,52871,14499986897,14500033652
871,0,14516666667,14516666920,0,71509,14516653563,14516703023
872,0,14533333333,14533333604,0,85396,14533320168,14533399374
873,0,14550000000,14550000262,0,84159,14549986888,14550064830
874,0,14566666667,14566666950,0,100792,14566653755,14566748078
875,0,14583333333,14583333599,0,75631,14583323702,14583389664
876,0,14600000000,14600000262,0,84869,14599986858,14600065566
877,0,14616666667,14616666930,0,86342,14616653515,14616733520
878,0,14633333333,14633333617,0,70577,14633320214,14633384590
879,0,14650000000,14650000274,0,53135,14649987048,14650033837
880,0,14666666667,14666666970,0,102813,14666653620,14666734424
881,0,14683333333,14683333611,0,87168,14683320603,14683401333
882,0,14700000000,14700000263,0,75483,14699990109,14700056142
883,0,14716666667,14716666948,0,71864,14716653573,14716702998
884,0,14733333333,14733333591,0,52887,14733320144,14733366970
885,0,14750000000,14750000253,0,52325,14749986919,14750033065
886,0,14766666667,14766666970,0,86616,14766653585,14766734015
887,0,14783333333,14783333606,0,57951,14783320883,14783372024
888,0,14800000000,14800000309,0,70960,14799986973,14800051779
889,0,14816666667,14816666947,0,56394,14816653765,14816703794
890,0,14833333333,14833333606,0,100484,14833320174,14833398577
891,0,14850000000,14850000262,0,52448,14849986901,14850033139
892,0,14866666667,14866666912,0,54264,14866653575,14866701556
893,0,14883333333,14883333589,0,57800,14883324714,14883371843
894,0,14900000000,14900000287,0,90060,14899990254,14900070817
895,0,14916666667,14916666925,0,73080,14916653909,14916720452
896,0,14933333333,14933333623,0,56142,14933320435,14933370245
897,0,14950000000,14950000303,0,101619,14949986947,14950082290
898,0,14966666667,14966666947,0,72702,14966653566,14966720094
899,0,14983333333,14983333641,0,70087,14983320286,14983384075
900,0,15000000000,15000000265,0,85157,14999986850,15000065878
901,0,15016666667,15016666942,0,86472,15016653605,15016733666
902,0,15033333333,15033333612,0,70077,15033320252,15033384096
903,0,15050000000,15050000266,0,84973,15049986943,15050065693
904,0,15066666667,15066666932,0,54299,15066653541,15066701601
905,0,15083333333,15083333587,0,52815,15083320262,15083366859
906,0,15100000000,15100000269,0,54812,15099987632,15100035589
907,0,15116666667,15116666927,0,54917,15116653560,15116702269
908,0,15133333333,15133333608,0,52824,15133320162,15133366914
909,0,15150000000,15150000288,0,70797,15149986871,15150051476
910,0,15166666667,15166666912,0,87036,15166653710,15166720490
911,0,15183333333,15183333600,0,53314,15183320307,15183367379
912,0,15200000000,15200000267,0,53240,15199986910,15200033958
913,0,15216666667,15216666919,0,54735,15216653651,15216702053
914,0,15233333333,15233333605,0,52888,15233320225,15233366933
915,0,15250000000,15250000260,0,52743,15249986910,15250033481
916,0,15266666667,15266666945,0,54462,15266653538,15266701784
917,0,15283333333,15283333599,0,59995,15283322507,15283374004
918,0,15300000000,15300000861,0,132696,15299999316,15300113610
919,0,15316666667,15316667892,0,140211,15316669293,15316771918
920,0,15333333333,15333334098,0,94374,15333337056,15333408793
921,0,15350000000,15350000777,0,88169,15350000154,15350069292
922,0,15366666667,15366667309,0,75032,15366660332,15366722659
923,0,15383333333,15383333629,0,60278,15383320811,15383374298
924,0,15400000000,15400000309,0,58406,15399987399,15400039197
925,0,15416666667,15416667357,0,78190,15416662834,15416725801
926,0,15433333333,15433333679,0,58804,15433320763,15433372881
927,0,15450000000,15450000268,0,54911,15449987184,15450035623
928,0,15466666667,15466666955,0,56098,15466653902,15466703562
929,0,15483333333,15483333604,0,54047,15483320313,15483368100
930,0,15500000000,15500000259,0,54541,15499986947,15500035280
931,0,15516666667,15516666937,0,57386,15516653709,15516704787
932,0,15533333333,15533333609,0,102031,15533320234,15533415828
933,0,15550000000,15550000236,0,53127,15549986930,15550033866
934,0,15566666667,15566666933,0,54400,15566653511,15566701629
935,0,15583333333,15583333618,0,52517,15583320198,15583366673
936,0,15600000000,15600000258,0,52161,15599986826,15600032894
937,0,15616666667,15616666908,0,54872,15616653627,15616702224
938,0,15633333333,15633333587,0,73665,15633320200,15633387705
939,0,15650000000,15650000257,0,71557,15649986850,15650052170
940,0,15666666667,15666666931,0,54546,15666653549,15666701945
941,0,15683333333,15683333604,0,52120,15683320163,15683366162
942,0,15700000000,15700000256,0,53414,15699986871,15700034134
943,0,15716666667,15716667023,0,88259,15716657329,15716735615
944,0,15733333333,15733333607,0,102533,15733320557,15733416552
945,0,15750000000,15750000273,0,53546,15749986868,15750034301
946,0,15766666667,15766666961,0,55141,15766653625,15766702572
947,0,15783333333,15783333618,0,52976,15783320210,15783367094
948,0,15800000000,15800000276,0,52618,15799986855,15800033428
949,0,15816666667,15816666954,0,77697,15816654265,15816725014
950,0,15833333333,15833333618,0,85056,15833320379,15833399132
951,0,15850000000,15850000272,0,85683,15849986860,15850052605
952,0,15866666667,15866666918,0,73076,15866653701,15866720397
953,0,15883333333,15883333613,0,70362,15883320465,15883384502
954,0,15900000000,15900000278,0,71593,15899986827,15900052284
955,0,15916666667,15916666944,0,56397,15916653726,15916703882
956,0,15933333333,15933333618,0,67631,15933318901,15933381762
957,0,15950000000,15950000159,0,78773,15949984240,15950059447
958,0,15966666667,15966666905,0,80385,15966651452,15966727529
959,0,15983333333,15983333539,0,64819,15983317894,15983378816
960,0,16000000000,16000000202,0,64913,15999984737,16000045633
961,0,16016666667,16016666919,0,86112,16016653834,16016733469
962,0,16033333333,16033333637,0,56920,16033320889,16033371018
963,0,16050000000,16050000292,0,54755,16049987108,16050035485
964,0,16066666667,16066666970,0,55980,16066653882,16066703405
965,0,16083333333,16083333595,0,54583,16083320232,16083368615
966,0,16100000000,16100000263,0,54820,16099986944,16100035590
967,0,16116666667,16116666976,0,56952,16116653869,16116704382
968,0,16133333333,16133333624,0,53476,16133320255,16133367587
969,0,16150000000,16150000322,0,54716,16149987178,16150035498
970,0,16166666667,16166666966,0,103044,16166653621,16166750297
971,0,16183333333,16183333589,0,52278,16183320171,16183366377
972,0,16200000000,16200000321,0,53215,16199986989,16200033184
973,0,16216666667,16216666939,0,54320,16216653559,16216701609
974,0,16233333333,16233333642,0,54313,16233320607,16233368422
975,0,16250000000,16250000291,0,52855,16249986874,16250033634
976,0,16266666667,16266666983,0,86474,16266653923,16266733824
977,0,16283333333,16283333612,0,69669,16283320193,16283383768
978,0,16300000000,16300000266,0,84182,16299986873,16300064578
979,0,16316666667,16316666982,0,54439,16316653545,16316701858
980,0,16333333333,16333333624,0,55275,16333320489,16333369375
981,0,16350000000,16350000271,0,85818,16349986970,16350066246
982,0,16366666667,16366666959,0,85700,16366653607,16366733160
983,0,16383333333,16383333622,0,71085,16383320184,16383385117
984,0,16400000000,16400000266,0,69473,16399986819,16400050176
985,0,16416666667,16416666939,0,72964,16416653528,16416720293
986,0,16433333333,16433333684,0,106938,16433324984,16433407260
987,0,16450000000,16450000775,0,73964,16449993779,16450054872
988,0,16466666667,16466667364,0,77875,16466662229,16466725394
989,0,16483333333,16483333898,0,65189,16483322875,16483379461
990,0,16500000000,16500000328,0,61802,16499988634,16500042571
991,0,16516666667,16516666957,0,59393,16516654506,16516706807
992,0,16533333333,16533333628,0,56627,16533320632,16533370661
993,0,16550000000,16550000648,0,103445,16549995115,16550084392
994,0,16566666667,16566666930,0,96381,16566653737,16566743678
995,0,16583333333,16583333615,0,54366,16583320292,16583368430
996,0,16600000000,16600000280,0,53425,16599986941,16600034185
997,0,16616666667,16616666936,0,54200,16616653538,16616701455
998,0,16633333333,16633333628,0,54358,16633320348,16633368511
999,0,16650000000,16650000312,0,60011,16649988231,16650040773
1000,0,16666666667,16666666964,0,56549,16666653739,16666704034
1001,0,16683333333,16683333644,0,54334,16683320286,16683368464
1002,0,16700000000,16700000284,0,54287,16699987032,16700035063
1003,0,16716666667,16716666961,0,55979,16716653857,16716703470
1004,0,16733333333,16733337546,0,52997,16733324521,16733371021
1005,0,16750000000,16750000297,0,52298,16749986892,16750033047
1006,0,16766666667,16766666947,0,54380,16766653545,16766701682
1007,0,16783333333,16783333585,0,70095,16783320229,16783384105
1008,0,16800000000,16800000275,0,55240,16799989496,16800036015
1009,0,16816666667,16816666922,0,54351,16816653580,16816701633
1010,0,16833333333,16833333615,0,52235,16833320325,16833366329
1011,0,16850000000,16850000322,0,55376,16849987317,16850036171
1012,0,16866666667,16866666970,0,80107,16866659327,16866727368
1013,0,16883333333,16883333638,0,53056,16883320283,16883367165
1014,0,16900000000,16900000317,0,52485,16899986914,16900033304
1015,0,16916666667,16916666947,0,54375,16916653587,16916701645
1016,0,16933333333,16933333613,0,52588,16933320244,16933366662
1017,0,16950000000,16950000261,0,52307,16949986887,16950033080
1018,0,16966666667,16966666950,0,73697,16966653777,16966720653
1019,0,16983333333,16983333624,0,73047,16983320303,16983387122
1020,0,17000000000,17000000297,0,71589,16999986863,17000052237
1021,0,17016666667,17016666935,0,72389,17016653569,17016719718
1022,0,17033333333,17033333615,0,85162,17033320241,17033399176
1023,0,17050000000,17050000257,0,71382,17049986849,17050051965
1024,0,17066666667,17066666934,0,74778,17066653917,17066722101
1025,0,17083333333,17083333609,0,86878,17083320282,17083400839
1026,0,17100000000,17100000279,0,88264,17099990872,17100069000
1027,0,17116666667,17116666940,0,76068,17116653601,17116723401
1028,0,17133333333,17133333611,0,53255,17133320241,17133367334
1029,0,17150000000,17150000264,0,52601,17149986913,17150033349
1030,0,17166666667,17166667985,0,59318,17166655243,17166707809
1031,0,17183333333,17183333614,0,53228,17183320610,17183367315
1032,0,17200000000,17200000278,0,51919,17199986851,17200032680
1033,0,17216666667,17216666954,0,54422,17216653634,17216701797
1034,0,17233333333,17233333629,0,53376,17233320286,17233367459
1035,0,17250000000,17250000376,0,69507,17249995762,17250050215
1036,0,17266666667,17266679197,0,126460,17266695243,17266785582
1037,0,17283333333,17283333956,0,81350,17283330777,17283395552
1038,0,17300000000,17300000521,0,69804,17299992632,17300050679
1039,0,17316666667,17316666956,0,103529,17316653698,17316750867
1040,0,17333333333,17333333632,0,57019,17333320493,17333371063
1041,0,17350000000,17350000289,0,57099,17349987299,17350037866
1042,0,17366666667,17366666979,0,58344,17366653918,17366705826
1043,0,17383333333,17383333668,0,58595,17383321066,17383372755
1044,0,17400000000,17400000271,0,63233,17399993381,17400043869
1045,0,17416666667,17416666948,0,58296,17416653988,17416705765
1046,0,17433333333,17433333622,0,52795,17433320293,17433366833
1047,0,17450000000,17450000299,0,100144,17449986926,17450065098
1048,0,17466666667,17466666938,0,55081,17466653529,17466702413
1049,0,17483333333,17483333609,0,54795,17483320573,17483368831
1050,0,17500000000,17500000253,0,53376,17499986956,17500034055
1051,0,17516666667,17516666949,0,54741,17516653528,17516702053
1052,0,17533333333,17533333613,0,52595,17533320274,17533366767
1053,0,17550000000,17550000266,0,52647,17549986878,17550033357
1054,0,17566666667,17566666986,0,67227,17566657256,17566714693
1055,0,17583333333,17583334007,0,123085,17583327715,17583437377
1056,0,17600000000,17600000462,0,69850,17599991672,17600050516
1057,0,17616666667,17616667092,0,91112,17616657028,17616738572
1058,0,17633333333,17633333677,0,62314,17633321853,17633376354
1059,0,17650000000,17650000295,0,58857,17649987610,17650039603
1060,0,17666666667,17666666968,0,57368,17666654002,17666704703
1061,0,17683333333,17683333788,0,82841,17683324401,17683397010
1062,0,17700000000,17700000412,0,90106,17699987813,17700070858
1063,0,17716666667,17716666935,0,74019,17716653499,17716721338
1064,0,17733333333,17733333635,0,56040,17733320454,17733370144
1065,0,17750000000,17750000264,0,85858,17749986886,17750066478
1066,0,17766666667,17766666935,0,87563,17766653544,17766734919
1067,0,17783333333,17783333634,0,70429,17783320205,17783384444
1068,0,17800000000,17800000278,0,86920,17799987219,17800067609
1069,0,17816666667,17816666947,0,72352,17816653527,17816719788
1070,0,17833333333,17833333597,0,85213,17833320303,17833399211
1071,0,17850000000,17850000295,0,70645,17849986882,17850051400
1072,0,17866666667,17866666966,0,54459,17866653569,17866701827
1073,0,17883333333,17883333597,0,52750,17883320266,17883366798
1074,0,17900000000,17900000343,0,101718,17899987119,17900082464
1075,0,17916666667,17916666916,0,54342,17916653542,17916701668
1076,0,17933333333,17933333637,0,52915,17933320254,17933367062
1077,0,17950000000,17950000286,0,52204,17949986872,17950032970
1078,0,17966666667,17966666945,0,54256,17966653484,17966701601
1079,0,17983333333,17983333628,0,52810,17983320239,17983366914
1080,0,18000000000,18000000291,0,54096,17999987047,18000034839
1081,0,18016666667,18016666963,0,54340,18016653607,18016701694
1082,0,18033333333,18033333609,0,53189,18033320205,18033367228
1083,0,18050000000,18050000277,0,52580,18049986822,18050033330
1084,0,18066666667,18066666959,0,54577,18066653573,18066701924
1085,0,18083333333,18083333605,0,57484,18083321015,18083371520
1086,0,18100000000,18100000683,0,111682,18099997874,18100092603
1087,0,18116666667,18116667213,0,105543,18116662323,18116752834
1088,0,18133333333,18133334112,0,72583,18133326418,18133387066
1089,0,18150000000,18150000275,0,58292,18149987578,18150038939
1090,0,18166666667,18166666992,0,57756,18166653968,18166705247
1091,0,18183333333,18183333615,0,55964,18183320426,18183370013
1092,0,18200000000,18200000287,0,58138,18199987157,18200038879
1093,0,18216666667,18216666968,0,65153,18216659973,18216712563
1094,0,18233333333,18233333629,0,53432,18233320280,18233367553
1095,0,18250000000,18250000318,0,52606,18249986948,18250033427
1096,0,18266666667,18266666963,0,54257,18266653566,18266701595
1097,0,18283333333,18283333642,0,84790,18283320292,18283398861
1098,0,18300000000,18300000265,0,70377,18299986830,18300051039
1099,0,18316666667,18316666932,0,72487,18316653583,18316719822
1100,0,18333333333,18333333616,0,103351,18333320219,18333398839
1101,0,18350000000,18350000282,0,52539,18349986881,18350033244
1102,0,18366666667,18366666953,0,54309,18366653598,18366701604
1103,0,18383333333,18383333611,0,71081,18383320288,18383385057
1104,0,18400000000,18400000269,0,52962,18399986886,18400033635
1105,0,18416666667,18416666929,0,55682,18416653893,18416703141
1106,0,18433333333,18433333580,0,86072,18433320284,18433400123
1107,0,18450000000,18450000286,0,70887,18449986859,18450051524
1108,0,18466666667,18466666939,0,72574,18466653546,18466719946
1109,0,18483333333,18483333590,0,85297,18483320242,18483399309
1110,0,18500000000,18500000304,0,70781,18499986863,18500051436
1111,0,18516666667,18516666955,0,90930,18516653581,18516738236
1112,0,18533333333,18533333609,0,89607,18533324378,18533403672
1113,0,18550000000,18550000312,0,84774,18549986983,18550065455
1114,0,18566666667,18566666926,0,58454,18566653687,18566705881
1115,0,18583333333,18583333604,0,84742,18583320286,18583398790
1116,0,18600000000,18600005378,0,99857,18599992497,18600085582
1117,0,18616666667,18616666954,0,87645,18616653689,18616735016
1118,0,18633333333,18633333645,0,85119,18633320635,18633398891
1119,0,18650000000,18650000267,0,70754,18649986915,18650051391
1120,0,18666666667,18666666937,0,87038,18666653562,18666734464
1121,0,18683333333,18683333612,0,84995,18683320239,18683399019
1122,0,18700000000,18700000335,0,68246,18699992235,18700048768
1123,0,18716666667,18716667376,0,116762,18716665208,18716764347
1124,0,18733333333,18733333937,0,122763,18733328355,18733436809
1125,0,18750000000,18750000631,0,131903,18749998260,18750096488
1126,0,18766666667,18766667519,0,168245,18766677817,18766815718
1127,0,18783333333,18783334159,0,106535,18783335881,18783420447
1128,0,18800000000,18800000820,0,136392,18800000282,18800117165
1129,0,18816666667,18816667377,0,68484,18816657335,18816716074
1130,0,18833333333,18833334236,0,79291,18833330945,18833393711
1131,0,18850000000,18850000410,0,60247,18849987898,18850041057
1132,0,18866666667,18866666968,0,58269,18866653868,18866705793
1133,0,18883333333,18883333591,0,55397,18883320420,18883369439
1134,0,18900000000,18900000262,0,55279,18899987040,18900036042
1135,0,18916666667,18916666916,0,57718,18916653803,18916705123
1136,0,18933333333,18933333645,0,76620,18933324165,18933390629
1137,0,18950000000,18950000271,0,101910,18949986863,18950082551
1138,0,18966666667,18966666944,0,54291,18966653552,18966701671
1139,0,18983333333,18983333595,0,52581,18983320135,18983366684
1140,0,19000000000,19000000265,0,52706,18999986868,19000033442
1141,0,19016666667,19016666920,0,54068,19016653664,19016701342
1142,0,19033333333,19033333660,0,57383,19033320612,19033371486
1143,0,19050000000,19050000235,0,84824,19049986972,19050065436
1144,0,19066666667,19066666924,0,55080,19066653554,19066702441
1145,0,19083333333,19083333585,0,53336,19083320227,19083367355
1146,0,19100000000,19100000269,0,52873,19099986994,19100033602
1147,0,19116666667,19116667221,0,67586,19116658392,19116715242
1148,0,19133333333,19133333815,0,124234,19133327441,19133438215
1149,0,19150000000,19150000802,0,85996,19149999546,19150066957
1150,0,19166666667,19166667567,0,96142,19166659036,19166743817
1151,0,19183333333,19183333613,0,71083,19183320310,19183385072
1152,0,19200000000,19200000269,0,102256,19199986840,19200082962
1153,0,19216666667,19216666921,0,55038,19216653539,19216702375
1154,0,19233333333,19233333616,0,53911,19233320357,19233368006
1155,0,19250000000,19250000359,0,67605,19249994872,19250048398
1156,0,19266666667,19266666931,0,56004,19266653600,19266703438
1157,0,19283333333,19283333600,0,54426,19283320288,19283368471
1158,0,19300000000,19300000252,0,54966,19299987215,19300035692
1159,0,19316666667,19316666962,0,56214,19316653902,19316703688
1160,0,19333333333,19333333630,0,100522,19333320857,19333414483
1161,0,19350000000,19350000369,0,107142,19349988477,19350087546
1162,0,19366666667,19366666966,0,73440,19366653587,19366720812
1163,0,19383333333,19383333595,0,54536,19383320462,19383368554
1164,0,19400000000,19400000293,0,100445,19399986892,19400064944
1165,0,19416666667,19416666924,0,54373,19416653483,19416701727
1166,0,19433333333,19433333604,0,52218,19433320200,19433366322
1167,0,19450000000,19450000258,0,57678,19449987306,19450038321
1168,0,19466666667,19466666925,0,73848,19466653485,19466721138
1169,0,19483333333,19483333619,0,70636,19483336064,19483384775
1170,0,19500000000,19500000642,0,80031,19499996798,19500060990
1171,0,19516666667,19516668614,0,121723,19516676384,19516770516
1172,0,19533333333,19533333955,0,74131,19533327394,19533388303
1173,0,19550000000,19550000309,0,57845,19549987407,19550038605
1174,0,19566666667,19566666942,0,81431,19566654639,19566728662
1175,0,19583333333,19583333606,0,55587,19583320521,19583369634
1176,0,19600000000,19600000259,0,55086,19599987008,19600035820
1177,0,19616666667,19616666919,0,56167,19616653802,19616703575
1178,0,19633333333,19633333576,0,52990,19633320256,19633367019
1179,0,19650000000,19650000258,0,53261,19649986870,19650033976
1180,0,19666666667,19666666922,0,72741,19666653522,19666720070
1181,0,19683333333,19683333564,0,53039,19683320230,19683367111
1182,0,19700000000,19700000281,0,84762,19699986986,19700065423
1183,0,19716666667,19716666937,0,54505,19716653354,19716701749
1184,0,19733333333,19733333620,0,52992,19733320261,19733367078
1185,0,19750000000,19750000293,0,54785,19749987229,19750035522
1186,0,19766666667,19766666959,0,73914,19766653776,19766721240
1187,0,19783333333,19783333631,0,54084,19783320326,19783368145
1188,0,19800000000,19800000269,0,52306,19799986894,19800033031
1189,0,19816666667,19816666952,0,54255,19816653567,19816701618
1190,0,19833333333,19833333584,0,52714,19833320253,19833366784
1191,0,19850000000,19850000507,0,67820,19849991506,19850048694
1192,0,19866666667,19866667269,0,102276,19866661794,19866749600
1193,0,19883333333,19883333813,0,71530,19883325921,19883385514
1194,0,19900000000,19900000443,0,72498,19899995840,19900053250
1195,0,19916666667,19916666977,0,61063,19916654394,19916708503
1196,0,19933333333,19933333675,0,63607,19933322366,19933377692
1197,0,19950000000,19950000272,0,58224,19949987120,19950038893
1198,0,19966666667,19966667049,0,69219,19966657730,19966716597
1199,0,19983333333,19983334128,0,93489,19983329141,19983407783
1200,0,20000000000,20000000729,0,77607,19999994289,20000058424
1201,0,20016666667,20016667322,0,129089,20016661383,20016776498
1202,0,20033333333,20033333822,0,72145,20033325891,20033386213
1203,0,20050000000,20050000276,0,56981,20049987156,20050037650
1204,0,20066666667,20066666959,0,58948,20066653904,20066706406
1205,0,20083333333,20083333961,0,62134,20083322650,20083376198
1206,0,20100000000,20100000320,0,56482,20099987421,20100037213
1207,0,20116666667,20116666941,0,57002,20116653955,20116704438
1208,0,20133333333,20133333614,0,86411,20133320196,20133400418
1209,0,20150000000,20150000288,0,53506,20149986935,20150034216
1210,0,20166666667,20166666946,0,54548,20166653567,20166701903
1211,0,20183333333,20183333596,0,55446,20183320737,20183369500
1212,0,20200000000,20200000288,0,53396,20199986911,20200034182
1213,0,20216666667,20216666926,0,54366,20216653529,20216701653
1214,0,20233333333,20233333606,0,58139,20233325353,20233372175
1215,0,20250000000,20250000288,0,52841,20249986888,20250033606
1216,0,20266666667,20266666953,0,54893,20266653624,20266702326
1217,0,20283333333,20283333601,0,85121,20283320582,20283399110
1218,0,20300000000,20300000273,0,55179,20299987149,20300035914
1219,0,20316666667,20316667304,0,150468,20316662558,20316797613
1220,0,20333333333,20333333808,0,74633,20333326516,20333388697
1221,0,20350000000,20350000849,0,75844,20349995697,20350056972
1222,0,20366666667,20366666964,0,59815,20366654400,20366707216
1223,0,20383333333,20383333628,0,56123,20383320373,20383370119
1224,0,20400000000,20400000305,0,64904,20399993316,20400045634
1225,0,20416666667,20416666941,0,57480,20416653746,20416704923
1226,0,20433333333,20433333611,0,55325,20433320275,20433369381
1227,0,20450000000,20450000332,0,54592,20449987094,20450035376
1228,0,20466666667,20466666932,0,56298,20466653814,20466703711
1229,0,20483333333,20483333628,0,54872,20483320340,20483368968
1230,0,20500000000,20500000285,0,56563,20499987212,20500037327
1231,0,20516666667,20516666963,0,56072,20516653657,20516703514
1232,0,20533333333,20533333593,0,53241,20533320260,20533367254
1233,0,20550000000,20550000269,0,52736,20549986995,20550033491
1234,0,20566666667,20566666959,0,54813,20566653551,20566702121
1235,0,20583333333,20583333599,0,101284,20583320247,20583399630
1236,0,20600000000,20600000289,0,56269,20599987050,20600037027
1237,0,20616666667,20616667137,0,98078,20616658212,20616745172
1238,0,20633333333,20633333836,0,88745,20633325936,20633402883
1239,0,20650000000,20650000450,0,83012,20650001371,20650063636
1240,0,20666666667,20666667166,0,90771,20666659524,20666738134
1241,0,20683333333,20683333605,0,74456,20683320537,20683388375
1242,0,20700000000,20700000260,0,72082,20699986950,20700052727
1243,0,20716666667,20716666934,0,103244,20716653551,20716750470
1244,0,20733333333,20733333610,0,58195,20733320492,20733368944
1245,0,20750000000,20750000312,0,54593,20749987174,20750035381
1246,0,20766666667,20766666945,0,57142,20766653760,20766704500
1247,0,20783333333,20783333614,0,53756,20783320278,20783367871
1248,0,20800000000,20800000314,0,54390,20799987083,20800035202
1249,0,20816666667,20816666925,0,57428,20816653687,20816704829
1250,0,20833333333,20833333598,0,52536,20833320192,20833366633
1251,0,20850000000,20850000264,0,52558,20849986864,20850033259
1252,0,20866666667,20866666920,0,71488,20866653651,20866703006
1253,0,20883333333,20883333591,0,52775,20883320271,20883366863
1254,0,20900000000,20900000560,0,72456,20899993927,20900053356
1255,0,20916666667,20916667372,0,108306,20916666942,20916755681
1256,0,20933333333,20933334003,0,78864,20933329235,20933393095
1257,0,20950000000,20950000763,0,65542,20949989761,20950046664
1258,0,20966666667,20966666980,0,58531,20966653949,20966706022
1259,0,20983333333,20983333822,0,73477,20983326840,20983387575
1260,0,21000000000,21000000352,0,66193,20999988921,21000046712
1261,0,21016666667,21016667376,0,87665,21016664893,21016735253
1262,0,21033333333,21033333870,0,80594,21033330285,21033394657
1263,0,21050000000,21050000532,0,68556,21049991680,21050049454
1264,0,21066666667,21066667065,0,60579,21066654712,21066708207
1265,0,21083333333,21083333628,0,56564,21083320533,21083370648
1266,0,21100000000,21100000438,0,62782,21099989622,21100043651
1267,0,21116666667,21116666933,0,58985,21116654081,21116706489
1268,0,21133333333,21133333656,0,75182,21133321808,21133389002
1269,0,21150000000,21150000571,0,76982,21149995146,21150057544
1270,0,21166666667,21166667299,0,96638,21166661032,21166744012
1271,0,21183333333,21183333806,0,97745,21183327409,21183411641
1272,0,21200000000,21200000432,0,77745,21199988879,21200058431
1273,0,21216666667,21216666951,0,105082,21216653669,21216752252
1274,0,21233333333,21233333623,0,62874,21233322509,21233376961
1275,0,21250000000,21250000313,0,55569,21249987319,21250036278
1276,0,21266666667,21266666963,0,56876,21266653825,21266704341
1277,0,21283333333,21283333631,0,54859,21283320460,21283368962
1278,0,21300000000,21300000290,0,54466,21299987098,21300035278
1279,0,21316666667,21316666959,0,56775,21316653882,21316704209
1280,0,21333333333,21333333641,0,67526,21333331857,21333381612
1281,0,21350000000,21350000277,0,55564,21349987286,21350036323
1282,0,21366666667,21366666943,0,72187,21366653579,21366719528
1283,0,21383333333,21383333619,0,85153,21383320207,21383399183
1284,0,21400000000,21400000585,0,73206,21399993710,21400054090
1285,0,21416666667,21416667342,0,75146,21416660895,21416722913
1286,0,21433333333,21433333901,0,93643,21433328641,21433407708
1287,0,21450000000,21450000636,0,77311,21449995128,21450058068
1288,0,21466666667,21466666998,0,58646,21466654138,21466706170
1289,0,21483333333,21483333582,0,56213,21483320441,21483370192
1290,0,21500000000,21500000289,0,54682,21499986927,21500035414
1291,0,21516666667,21516666965,0,56599,21516653853,21516704045
1292,0,21533333333,21533333617,0,52986,21533320304,21533367079
1293,0,21550000000,21550000286,0,92826,21549993216,21550073421
1294,0,21566666667,21566666923,0,72217,21566653528,21566719481
1295,0,21583333333,21583333639,0,52708,21583320296,21583366783
1296,0,21600000000,21600000266,0,52479,21599986830,21600033222
1297,0,21616666667,21616667027,0,66156,21616657689,21616713525
1298,0,21633333333,21633333751,0,71826,21633326950,21633385912
1299,0,21650000000,21650000712,0,83792,21649997655,21650064622
1300,0,21666666667,21666667203,0,72366,21666659644,21666719834
1301,0,21683333333,21683333664,0,102716,21683320531,21683416570
1302,0,21700000000,21700000277,0,71576,21699986879,21700052215
1303,0,21716666667,21716666935,0,54414,21716653580,21716701697
1304,0,21733333333,21733333649,0,54602,21733320362,21733368716
1305,0,21750000000,21750000436,0,67515,21749991293,21750048345
1306,0,21766666667,21766666991,0,59056,21766654257,21766706499
1307,0,21783333333,21783333587,0,55044,21783320392,21783369132
1308,0,21800000000,21800000278,0,54321,21799987061,21800035040
1309,0,21816666667,21816666971,0,56619,21816654019,21816704137
1310,0,21833333333,21833333679,0,59447,21833321953,21833373589
1311,0,21850000000,21850000684,0,78024,21849995951,21850058717
1312,0,21866666667,21866667300,0,122533,21866676941,21866769706
1313,0,21883333333,21883333905,0,73720,21883327025,21883387901
1314,0,21900000000,21900000278,0,85660,21899986882,21900066421
1315,0,21916666667,21916666941,0,112513,21916653536,21916759925
1316,0,21933333333,21933333603,0,56178,21933320431,21933370187
1317,0,21950000000,21950000281,0,55846,21949987374,21950036546
1318,0,21966666667,21966666981,0,63912,21966655643,21966711308
1319,0,21983333333,21983333612,0,57091,21983320591,21983371088
1320,0,22000000000,22000000272,0,55250,21999987076,22000036035
1321,0,22016666667,22016666992,0,57740,22016653975,22016705219
1322,0,22033333333,22033333591,0,52842,22033320224,22033366919
1323,0,22050000000,22050000291,0,52576,22049986909,22050033304
1324,0,22066666667,22066666951,0,73720,22066653903,22066720816
1325,0,22083333333,22083333623,0,86296,22083320285,22083400312
1326,0,22100000000,22100000295,0,109694,22099986816,22100090326
1327,0,22116666667,22116667426,0,150569,22116676527,22116798080
1328,0,22133333333,22133334603,0,143369,22133338182,22133457816
1329,0,22150000000,22150000984,0,143166,22150004851,22150124240
1330,0,22166666667,22166667495,0,120625,22166667327,22166768432
1331,0,22183333333,22183333895,0,65814,22183322874,22183380065
1332,0,22200000000,22200000346,0,62288,22199988375,22200043088
1333,0,22216666667,22216666940,0,58910,22216654036,22216706326
1334,0,22233333333,22233333602,0,59153,22233320775,22233373210
1335,0,22250000000,22250000717,0,91739,22250005524,22250072809
1336,0,22266666667,22266667271,0,95525,22266660908,22266742786
1337,0,22283333333,22283334005,0,87798,22283334441,22283401973
1338,0,22300000000,22300000560,0,68196,22299990811,22300049177
1339,0,22316666667,22316666945,0,59438,22316653932,22316706903
1340,0,22333333333,22333333590,0,56003,22333320280,22333370071
1341,0,22350000000,22350000268,0,54782,22349986971,22350035494
1342,0,22366666667,22366666934,0,56490,22366653915,22366703899
1343,0,22383333333,22383333675,0,60419,22383322535,22383374519
1344,0,22400000000,22400000256,0,57231,22399987285,22400037942
1345,0,22416666667,22416666949,0,56585,22416653714,22416704020
1346,0,22433333333,22433333636,0,53380,22433320273,22433367490
1347,0,22450000000,22450000275,0,53391,22449986963,22450034119
1348,0,22466666667,22466666934,0,54033,22466653488,22466701317
1349,0,22483333333,22483333626,0,53571,22483320316,22483367677
1350,0,22500000000,22500000284,0,53013,22499986980,22500033776
1351,0,22516666667,22516666978,0,54422,22516653589,22516701764
1352,0,22533333333,22533333895,0,141754,22533333730,22533455729
1353,0,22550000000,22550000466,0,74183,22549993851,22550054751
1354,0,22566666667,22566667222,0,93481,22566659564,22566740869
1355,0,22583333333,22583334404,0,97721,22583324784,22583412324
1356,0,22600000000,22600000253,0,73244,22599986944,22600053837
1357,0,22616666667,22616666934,0,106295,22616653585,22616753611
1358,0,22633333333,22633333654,0,56405,22633320711,22633370597
1359,0,22650000000,22650000284,0,54626,22649987172,22650035327
1360,0,22666666667,22666666965,0,56147,22666653797,22666703601
1361,0,22683333333,22683333637,0,54657,22683320541,22683368778
1362,0,22700000000,22700000274,0,55981,22699987103,22700036684
1363,0,22716666667,22716666971,0,76876,22716653734,22716724076
1364,0,22733333333,22733333803,0,102295,22733325564,22733416491
1365,0,22750000000,22750000606,0,76366,22749995431,22750057286
1366,0,22766666667,22766667141,0,72924,22766659428,22766720456
1367,0,22783333333,22783333591,0,74149,22783320684,22783387957
1368,0,22800000000,22800000265,0,101070,22799986882,22800066024
1369,0,22816666667,22816666945,0,56030,22816653197,22816703386
1370,0,22833333333,22833333620,0,53846,22833320318,22833367892
1371,0,22850000000,22850000264,0,101822,22849986922,22850082470
1372,0,22866666667,22866666925,0,104038,22866653588,22866735438
1373,0,22883333333,22883333592,0,70383,22883320234,22883384396
1374,0,22900000000,22900000883,0,77499,22899996102,22900058731
1375,0,22916666667,22916667483,0,110655,22916665351,22916758168
1376,0,22933333333,22933333881,0,74166,22933327235,22933388313
1377,0,22950000000,22950000388,0,66034,22949990643,22950046862
1378,0,22966666667,22966666952,0,58676,22966654063,22966706052
1379,0,22983333333,22983333630,0,55908,22983320477,22983369974
1380,0,23000000000,23000000281,0,55788,22999987081,23000036539
1381,0,23016666667,23016667003,0,62625,23016655671,23016710067
1382,0,23033333333,23033333582,0,53771,23033320301,23033367873
1383,0,23050000000,23050000270,0,52972,23049986881,23050033678
1384,0,23066666667,23066666930,0,71506,23066653479,23066703179
1385,0,23083333333,23083333924,0,68290,23083325243,23083382561
1386,0,23100000000,23100000522,0,71615,23099993665,23100052281
1387,0,23116666667,23116667442,0,118759,23116667916,23116766246
1388,0,23133333333,23133333898,0,69238,23133325960,23133383511
1389,0,23150000000,23150000339,0,57288,23149987350,23150038123
1390,0,23166666667,23166666958,0,57184,23166653964,23166704540
1391,0,23183333333,23183333614,0,54440,23183320298,23183368533
1392,0,23200000000,23200000295,0,53978,23199986988,23200034777
1393,0,23216666667,23216667026,0,59490,23216654955,23216707001
1394,0,23233333333,23233333613,0,101891,23233320308,23233399474
1395,0,23250000000,23250000276,0,60464,23249988734,23250041133
1396,0,23266666667,23266667285,0,64064,23266656178,23266711847
1397,0,23283333333,23283333782,0,62209,23283322819,23283376410
1398,0,23300000000,23300000571,0,75913,23299995407,23300056911
1399,0,23316666667,23316667180,0,66998,23316657100,23316714499
1400,0,23333333333,23333333839,0,66349,23333323428,23333380362
1401,0,23350000000,23350000388,0,59218,23349987772,23350040013
1402,0,23366666667,23366667022,0,59240,23366654410,23366706814
1403,0,23383333333,23383333584,0,74101,23383320551,23383388101
1404,0,23400000000,23400000289,0,74560,23399986887,23400051851
1405,0,23416666667,23416666926,0,54830,23416653551,23416702191
1406,0,23433333333,23433333597,0,55645,23433320529,23433369702
1407,0,23450000000,23450000323,0,72086,23449987223,23450037084
1408,0,23466666667,23466666947,0,54775,23466653563,23466702139
1409,0,23483333333,23483333594,0,53051,23483320276,23483367070
1410,0,23500000000,23500000260,0,52962,23499986970,23500033650
1411,0,23516666667,23516666926,0,74433,23516653551,23516721074
1412,0,23533333333,23533333589,0,100783,23533320196,23533399258
1413,0,23550000000,23550000272,0,53535,23549986837,23550034287
1414,0,23566666667,23566666918,0,54382,23566653698,23566701704
1415,0,23583333333,23583333630,0,52879,23583320221,23583367020
1416,0,23600000000,23600000265,0,52879,23599986894,23600033570
1417,0,23616666667,23616666946,0,54683,23616653518,23616702049
1418,0,23633333333,23633333642,0,53529,23633320765,23633367600
1419,0,23650000000,23650000280,0,56827,23649991032,23650037589
1420,0,23666666667,23666666938,0,54605,23666653566,23666701903
1421,0,23683333333,23683333598,0,52095,23683320224,23683366183
1422,0,23700000000,23700000268,0,52241,23699986935,23700032979
1423,0,23716666667,23716666970,0,54419,23716653484,23716701808
1424,0,23733333333,23733333611,0,55429,23733320350,23733369486
1425,0,23750000000,23750000284,0,101075,23749986963,23750081799
1426,0,23766666667,23766666962,0,54320,23766653583,23766701684
1427,0,23783333333,23783333588,0,55067,23783320533,23783369098
1428,0,23800000000,23800000289,0,100699,23799986940,23800065603
1429,0,23816666667,23816666958,0,54629,23816653564,23816701982
1430,0,23833333333,23833333589,0,52822,23833320272,23833366891
1431,0,23850000000,23850000261,0,87335,23849988205,23850068027
1432,0,23866666667,23866666935,0,71606,23866653587,23866718942
1433,0,23883333333,23883333610,0,70491,23883320306,23883384539
1434,0,23900000000,23900000270,0,85790,23899986881,23900066400
1435,0,23916666667,23916666949,0,71541,23916653718,23916718952
1436,0,23933333333,23933333606,0,69565,23933320243,23933383553
1437,0,23950000000,23950000273,0,103734,23949987142,23950068615
1438,0,23966666667,23966666933,0,73636,23966653721,23966720945
1439,0,23983333333,23983333582,0,52845,23983320166,23983366941
1440,0,24000000000,24000000282,0,53764,23999986901,24000034557
1441,0,24016666667,24016666941,0,54657,24016653550,24016702061
1442,0,24033333333,24033333604,0,68138,24033334969,24033382181
1443,0,24050000000,24050000267,0,55078,24049987192,24050035800
1444,0,24066666667,24066666944,0,54194,24066653521,24066701487
1445,0,24083333333,24083333607,0,85179,24083320250,24083399304
1446,0,24100000000,24100000289,0,84512,24099986837,24100065225
1447,0,24116666667,24116666928,0,73035,24116653539,24116720431
1448,0,24133333333,24133333591,0,100555,24133320215,24133414234
1449,0,24150000000,24150000309,0,55980,24149987523,24150036828
1450,0,24166666667,24166666939,0,73286,24166653510,24166720578
1451,0,24183333333,24183333613,0,52683,24183320184,24183366742
1452,0,24200000000,24200000287,0,52321,24199986929,24200033120
1453,0,24216666667,24216666946,0,54331,24216653520,24216701620
1454,0,24233333333,24233333585,0,53117,24233320224,24233367191
1455,0,24250000000,24250000279,0,52274,24249986853,24250033021
1456,0,24266666667,24266666955,0,75552,24266657087,24266723003
1457,0,24283333333,24283333579,0,52547,24283320267,24283366559
1458,0,24300000000,24300000297,0,52514,24299986874,24300033323
1459,0,24316666667,24316666911,0,54373,24316653558,24316701619
1460,0,24333333333,24333333597,0,52064,24333320048,24333366098
1461,0,24350000000,24350000281,0,56298,24349988055,24350037099
1462,0,24366666667,24366666936,0,112543,24366654110,24366759924
1463,0,24383333333,24383333640,0,62498,24383322085,24383376502
1464,0,24400000000,24400000641,0,84873,24399999304,24400065706
1465,0,24416666667,24416667779,0,83404,24416665472,24416731518
1466,0,24433333333,24433333997,0,77199,24433329244,24433391423
1467,0,24450000000,24450000357,0,67002,24449989598,24450047838
1468,0,24466666667,24466667199,0,72176,24466659432,24466719605
1469,0,24483333333,24483333591,0,60533,24483321161,24483374504
1470,0,24500000000,24500000292,0,56854,24499987363,24500037622
1471,0,24516666667,24516666955,0,63685,24516655317,24516711076
1472,0,24533333333,24533333614,0,100903,24533320744,24533415014
1473,0,24550000000,24550000276,0,86481,24549986979,24550066874
1474,0,24566666667,24566666948,0,72611,24566653635,24566719925
1475,0,24583333333,24583333626,0,70715,24583320184,24583384708
1476,0,24600000000,24600000304,0,100281,24599986871,24600065055
1477,0,24616666667,24616666971,0,54275,24616653657,24616701625
1478,0,24633333333,24633333652,0,52158,24633320261,24633366314
1479,0,24650000000,24650000310,0,53159,24649986917,24650033893
1480,0,24666666667,24666666999,0,54532,24666653679,24666701986
1481,0,24683333333,24683333598,0,53174,24683320153,24683367215
1482,0,24700000000,24700000305,0,101607,24699986958,24700082127
1483,0,24716666667,24716666972,0,54452,24716653605,24716701815
1484,0,24733333333,24733333627,0,57473,24733324590,24733371589
1485,0,24750000000,24750000239,0,52611,24749986816,24750033369
1486,0,24766666667,24766666922,0,54311,24766653481,24766701624
1487,0,24783333333,24783333625,0,53009,24783320260,24783367070
1488,0,24800000000,24800000289,0,53225,24799986889,24800033999
1489,0,24816666667,24816666970,0,55154,24816653687,24816702522
1490,0,24833333333,24833333647,0,52929,24833320271,24833367045
1491,0,24850000000,24850000287,0,52585,24849986881,24850033327
1492,0,24866666667,24866666949,0,54642,24866653496,24866702013
1493,0,24883333333,24883333641,0,73984,24883321704,24883387705
1494,0,24900000000,24900000276,0,53831,24899986941,24900034566
1495,0,24916666667,24916666953,0,71552,24916653571,24916703037
1496,0,24933333333,24933333596,0,52734,24933320231,24933366827
1497,0,24950000000,24950000305,0,52577,24949986916,24950033407
1498,0,24966666667,24966666919,0,54163,24966653639,24966701505
1499,0,24983333333,24983333591,0,53980,24983320390,24983367984
1500,0,25000000000,25000000278,0,53230,24999986913,25000034032
1501,0,25016666667,25016666928,0,54661,25016653486,25016702005
1502,0,25033333333,25033333627,0,53053,25033320295,25033367159
1503,0,25050000000,25050000266,0,52618,25049986862,25050033343
1504,0,25066666667,25066666955,0,54057,25066653564,25066701347
1505,0,25083333333,25083333642,0,57204,25083320986,25083371372
1506,0,25100000000,25100000303,0,101769,25099987058,25100082118
1507,0,25116666667,25116666949,0,54585,25116653540,25116701975
1508,0,25133333333,25133333595,0,84296,25133320174,25133398358
1509,0,25150000000,25150000298,0,70181,25149986821,25150050841
1510,0,25166666667,25166666953,0,54427,25166653540,25166701770
1511,0,25183333333,25183333629,0,102094,25183320220,25183399930
1512,0,25200000000,25200000276,0,53879,25199987144,25200034602
1513,0,25216666667,25216666963,0,55319,25216653562,25216702801
1514,0,25233333333,25233333606,0,53160,25233320320,25233367237
1515,0,25250000000,25250000279,0,52835,25249986853,25250033595
1516,0,25266666667,25266666943,0,54281,25266653593,25266701594
1517,0,25283333333,25283333606,0,52699,25283320224,25283366805
1518,0,25300000000,25300000275,0,84716,25299987061,25300065359
1519,0,25316666667,25316666964,0,74128,25316653566,25316721398
1520,0,25333333333,25333333618,0,70162,25333320239,25333384221
1521,0,25350000000,25350000276,0,62233,25349992416,25350042978
1522,0,25366666667,25366666933,0,54443,25366653560,25366701796
1523,0,25383333333,25383333589,0,53405,25383320274,25383367528
1524,0,25400000000,25400000325,0,54687,25399987447,25400035511
1525,0,25416666667,25416666953,0,54137,25416653612,25416701486
1526,0,25433333333,25433333622,0,52973,25433320157,25433367078
1527,0,25450000000,25450000271,0,84530,25449986852,25450065202
1528,0,25466666667,25466666955,0,54385,25466653534,25466701716
1529,0,25483333333,25483333618,0,53432,25483320302,25483367493
1530,0,25500000000,25500000578,0,57096,25499988038,25500038184
1531,0,25516666667,25516666928,0,73293,25516653610,25516720599
1532,0,25533333333,25533333705,0,67065,25533323845,25533381255
1533,0,25550000000,25550000361,0,64673,25549989101,25550045413
1534,0,25566666667,25566667108,0,92168,25566661256,25566739618
1535,0,25583333333,25583333674,0,64692,25583322115,25583378450
1536,0,25600000000,25600000319,0,76646,25599988251,25600057333
1537,0,25616666667,25616667241,0,67929,25616657826,25616715637
1538,0,25633333333,25633333663,0,58085,25633320749,25633372198
1539,0,25650000000,25650000261,0,76277,25649987910,25650056970
1540,0,25666666667,25666666953,0,73882,25666653611,25666721294
1541,0,25683333333,25683333595,0,101844,25683320159,25683415860
1542,0,25700000000,25700000266,0,53516,25699986918,25700034260
1543,0,25716666667,25716666923,0,58556,25716654158,25716706047
1544,0,25733333333,25733333570,0,85059,25733320196,25733399147
1545,0,25750000000,25750000300,0,52938,25749987009,25750033747
1546,0,25766666667,25766666926,0,54691,25766653515,25766701990
1547,0,25783333333,25783333634,0,52322,25783320236,25783366448
1548,0,25800000000,25800000270,0,54646,25799987191,25800035370
1549,0,25816666667,25816666946,0,108643,25816653962,25816756088
1550,0,25833333333,25833333605,0,86502,25833320253,25833400462
1551,0,25850000000,25850000312,0,77285,25849992514,25850057966
1552,0,25866666667,25866666956,0,102911,25866653560,25866734332
1553,0,25883333333,25883333641,0,55257,25883320657,25883369325
1554,0,25900000000,25900000305,0,71075,25899986931,25900051761
1555,0,25916666667,25916666966,0,58127,25916653910,25916705622
1556,0,25933333333,25933333629,0,84778,25933320192,25933398848
1557,0,25950000000,25950000260,0,70747,25949986912,25950051372
1558,0,25966666667,25966666949,0,87938,25966653620,25966735292
1559,0,25983333333,25983333595,0,70629,25983320234,25983384563
1560,0,26000000000,26000000265,0,69884,25999986928,26000050540
1561,0,26016666667,26016666966,0,103520,26016653541,26016735113
1562,0,26033333333,26033333599,0,54267,26033320447,26033368351
1563,0,26050000000,26050000269,0,53344,26049986865,26050034099
1564,0,26066666667,26066666959,0,54650,26066653565,26066702112
1565,0,26083333333,26083333620,0,53299,26083320251,26083367375
1566,0,26100000000,26100000283,0,58923,26099992542,26100039651
1567,0,26116666667,26116666953,0,54070,26116653705,26116701424
1568,0,26133333333,26133333607,0,54750,26133320394,26133368826
1569,0,26150000000,26150000288,0,102489,26149986820,26150083105
1570,0,26166666667,26166666951,0,72492,26166653585,26166719870
1571,0,26183333333,26183333616,0,52901,26183320252,26183367019
1572,0,26200000000,26200000293,0,52932,26199986887,26200033698
1573,0,26216666667,26216666931,0,54848,26216653507,26216702191
1574,0,26233333333,26233333608,0,53665,26233320459,26233367741
1575,0,26250000000,26250000300,0,52447,26249986940,26250033209
1576,0,26266666667,26266666959,0,54745,26266653509,26266702150
1577,0,26283333333,26283333605,0,57731,26283324931,26283371758
1578,0,26300000000,26300000268,0,53046,26299986938,26300033783
1579,0,26316666667,26316666955,0,54655,26316653562,26316701970
1580,0,26333333333,26333333605,0,52924,26333320336,26333367020
1581,0,26350000000,26350000291,0,68314,26349987187,26350048952
1582,0,26366666667,26366666945,0,102914,26366653651,26366750254
1583,0,26383333333,26383333617,0,52808,26383320242,26383366885
1584,0,26400000000,26400000253,0,72899,26399986919,26400033807
1585,0,26416666667,26416666945,0,54116,26416653614,26416701422
1586,0,26433333333,26433333605,0,55248,26433320394,26433369299
1587,0,26450000000,26450014031,0,56329,26450001237,26450050743
1588,0,26466666667,26466666929,0,72733,26466653592,26466720176
1589,0,26483333333,26483333633,0,52937,26483320328,26483367034
1590,0,26500000000,26500000297,0,52236,26499986918,26500032976
1591,0,26516666667,26516666955,0,54135,26516653563,26516701480
1592,0,26533333333,26533333627,0,52427,26533320271,26533366463
1593,0,26550000000,26550000277,0,53056,26549986924,26550033815
1594,0,26566666667,26566666929,0,54469,26566653617,26566701792
1595,0,26583333333,26583333586,0,52576,26583320268,26583366623
1596,0,26600000000,26600000306,0,52256,26599986838,26600033077
1597,0,26616666667,26616666934,0,54764,26616653581,26616702075
1598,0,26633333333,26633333601,0,52836,26633320179,26633366893
1599,0,26650000000,26650000261,0,55459,26649987182,26650036192
1600,0,26666666667,26666667057,0,86936,26666658511,26666734334
1601,0,26683333333,26683333672,0,61690,26683321407,26683375781
1602,0,26700000000,26700000478,0,71724,26699993368,26700052601
1603,0,26716666667,26716667116,0,62832,26716655720,26716710421
1604,0,26733333333,26733333578,0,59767,26733320987,26733373783
1605,0,26750000000,26750000351,0,61670,26749988382,26750042487
1606,0,26766666667,26766666990,0,78082,26766653845,26766725379
1607,0,26783333333,26783333610,0,89490,26783320892,26783403501
1608,0,26800000000,26800000267,0,72507,26799986869,26800053171
1609,0,26816666667,26816666940,0,73197,26816653628,26816720555
1610,0,26833333333,26833333606,0,85637,26833320164,26833399646
1611,0,26850000000,26850000257,0,89132,26849987403,26850069772
1612,0,26866666667,26866666923,0,72605,26866653607,26866719904
1613,0,26883333333,26883333573,0,70623,26883320274,26883384670
1614,0,26900000000,26900000261,0,84777,26899986859,26900065439
1615,0,26916666667,26916666954,0,72575,26916653556,26916719917
1616,0,26933333333,26933333591,0,52618,26933320291,26933366697
1617,0,26950000000,26950000299,0,55680,26949987383,26950036418
1618,0,26966666667,26966666917,0,74536,26966654138,26966721840
1619,0,26983333333,26983333618,0,52847,26983320226,26983366990
1620,0,27000000000,27000000280,0,52830,26999986888,27000033515
1621,0,27016666667,27016666950,0,54320,27016653587,27016701567
1622,0,27033333333,27033333601,0,53004,27033320479,27033367131
1623,0,27050000000,27050000272,0,52113,27049986952,27050032892
1624,0,27066666667,27066666906,0,77397,27066657265,27066724672
1625,0,27083333333,27083333589,0,53552,27083320216,27083367564
1626,0,27100000000,27100000279,0,53428,27099986949,27100034215
1627,0,27116666667,27116666943,0,54283,27116653505,27116701535
1628,0,27133333333,27133333600,0,53284,27133320219,27133367406
1629,0,27150000000,27150000277,0,52353,27149986926,27150033122
1630,0,27166666667,27166666982,0,53963,27166653859,27166701267
1631,0,27183333333,27183333590,0,84864,27183320222,27183399006
1632,0,27200000000,27200000272,0,52550,27199986871,27200033331
1633,0,27216666667,27216666923,0,54697,27216653596,27216702016
1634,0,27233333333,27233333608,0,100288,27233320159,27233398620
1635,0,27250000000,27250000273,0,69640,27249986870,27250050343
1636,0,27266666667,27266666939,0,72587,27266653610,27266720019
1637,0,27283333333,27283333592,0,68954,27283320287,27283382920
1638,0,27300000000,27300000277,0,52280,27299986843,27300033043
1639,0,27316666667,27316666953,0,54095,27316653467,27316701343
1640,0,27333333333,27333333602,0,52613,27333320191,27333366697
1641,0,27350000000,27350000233,0,69805,27349986924,27350050487
1642,0,27366666667,27366667008,0,74971,27366653854,27366722305
1643,0,27383333333,27383333613,0,53392,27383320376,27383367472
1644,0,27400000000,27400000278,0,52468,27399986945,27400033244
1645,0,27416666667,27416666940,0,54540,27416653613,27416701891
1646,0,27433333333,27433333611,0,84721,27433320183,27433398652
1647,0,27450000000,27450000272,0,71884,27449986843,27450052511
1648,0,27466666667,27466666941,0,74933,27466653732,27466704809
1649,0,27483333333,27483333615,0,69643,27483320322,27483383718
1650,0,27500000000,27500000258,0,90945,27499992281,27500071693
1651,0,27516666667,27516666936,0,99526,27516653865,27516746943
1652,0,27533333333,27533333582,0,70105,27533320250,27533384058
1653,0,27550000000,27550000256,0,70016,27549986873,27550050691
1654,0,27566666667,27566666966,0,87714,27566653529,27566735197
1655,0,27583333333,27583333594,0,71392,27583320215,27583385381
1656,0,27600000000,27600000262,0,70013,27599986832,27600050636
1657,0,27616666667,27616666947,0,73484,27616653525,27616720853
1658,0,27633333333,27633333620,0,84259,27633320312,27633398275
1659,0,27650000000,27650000264,0,69249,27649986858,27650049880
1660,0,27666666667,27666666924,0,87413,27666653566,27666734719
1661,0,27683333333,27683333576,0,72415,27683320226,27683386497
1662,0,27700000000,27700000266,0,70510,27699986879,27700051139
1663,0,27716666667,27716666929,0,102117,27716653498,27716749317
1664,0,27733333333,27733333602,0,84689,27733320127,27733398589
1665,0,27750000000,27750000254,0,69871,27749987027,27750050569
1666,0,27766666667,27766666942,0,72889,27766653493,27766720240
1667,0,27783333333,27783333625,0,59944,27783321721,27783374033
1668,0,27800000000,27800000296,0,60723,27799988368,27800041476
1669,0,27816666667,27816666982,0,113587,27816655062,27816760907
1670,0,27833333333,27833334495,0,82814,27833333238,27833397470
1671,0,27850000000,27850000412,0,66429,27849989248,27850047073
1672,0,27866666667,27866667142,0,121401,27866658428,27866768878
1673,0,27883333333,27883333678,0,61998,27883321624,27883375912
1674,0,27900000000,27900000268,0,59070,27899987373,27900039788
1675,0,27916666667,27916666916,0,77850,27916655262,27916725138
1676,0,27933333333,27933333583,0,85268,27933320415,27933399293
1677,0,27950000000,27950000260,0,71596,27949986897,27950052241
1678,0,27966666667,27966666924,0,54490,27966653482,27966701811
1679,0,27983333333,27983333584,0,54064,27983320259,27983368178
1680,0,28000000000,28000000239,0,53963,27999986986,28000034727
1681,0,28016666667,28016666944,0,54453,28016653543,28016701760
1682,0,28033333333,28033333611,0,101735,28033320137,28033415784
1683,0,28050000000,28050000261,0,52347,28049986829,28050033072
1684,0,28066666667,28066666949,0,60833,28066659133,28066708302
1685,0,28083333333,28083333626,0,54515,28083320402,28083368572
1686,0,28100000000,28100000261,0,102967,28099987251,28100083639
1687,0,28116666667,28116667322,0,111685,28116662266,28116759062
1688,0,28133333333,28133333667,0,63128,28133321494,28133377219
1689,0,28150000000,28150000435,0,75251,28149994398,28150055996
1690,0,28166666667,28166667095,0,71352,28166658953,28166718656
1691,0,28183333333,28183333712,0,72937,28183325702,28183386874
1692,0,28200000000,28200000316,0,59426,28199987393,28200040150
1693,0,28216666667,28216666958,0,59322,28216653886,28216706735
1694,0,28233333333,28233333634,0,56775,28233320765,28233370844
1695,0,28250000000,28250000312,0,56074,28249987145,28250036844
1696,0,28266666667,28266666961,0,58438,28266653988,28266705916
1697,0,28283333333,28283333608,0,56393,28283320613,28283370490
1698,0,28300000000,28300000335,0,59029,28299988013,28300039750
1699,0,28316666667,28316666942,0,58190,28316653825,28316705638
1700,0,28333333333,28333333611,0,53011,28333320345,28333367062
1701,0,28350000000,28350000260,0,70488,28349986907,28350051142
1702,0,28366666667,28366666945,0,86084,28366653748,28366733409
1703,0,28383333333,28383333630,0,84391,28383320249,28383398554
1704,0,28400000000,28400000253,0,86781,28399987384,28400067461
1705,0,28416666667,28416666922,0,55008,28416653638,28416702374
1706,0,28433333333,28433333609,0,85278,28433320262,28433399324
1707,0,28450000000,28450000324,0,85428,28449987149,28450065870
1708,0,28466666667,28466666920,0,59505,28466657742,28466706963
1709,0,28483333333,28483333589,0,52469,28483320170,28483366565
1710,0,28500000000,28500000306,0,57068,28499987396,28500037828
1711,0,28516666667,28516666930,0,74302,28516653707,28516721578
1712,0,28533333333,28533333586,0,53555,28533320216,28533367606
1713,0,28550000000,28550000270,0,52640,28549986835,28550033398
1714,0,28566666667,28566666940,0,85702,28566653667,28566733167
1715,0,28583333333,28583333603,0,88548,28583323678,28583402550
1716,0,28600000000,28600000292,0,70038,28599986897,28600050652
1717,0,28616666667,28616666928,0,73599,28616653535,28616720986
1718,0,28633333333,28633333625,0,102285,28633320268,28633415979
1719,0,28650000000,28650000278,0,70775,28649986893,28650051494
1720,0,28666666667,28666666937,0,72253,28666653527,28666719549
1721,0,28683333333,28683333614,0,84031,28683320362,28683398093
1722,0,28700000000,28700000276,0,84202,28699986942,28700064974
1723,0,28716666667,28716666937,0,75250,28716653655,28716703891
1724,0,28733333333,28733333597,0,101106,28733320222,28733399170
1725,0,28750000000,28750000265,0,52814,28749986963,28750033528
1726,0,28766666667,28766666954,0,59586,28766657189,28766707021
1727,0,28783333333,28783333606,0,100988,28783320121,28783414984
1728,0,28800000000,28800000273,0,52450,28799986899,28800033189
1729,0,28816666667,28816666913,0,73589,28816653690,28816720507
1730,0,28833333333,28833333619,0,101515,28833320205,28833415622
1731,0,28850000000,28850000243,0,84721,28849986945,28850065338
1732,0,28866666667,28866666980,0,54396,28866653609,28866701751
1733,0,28883333333,28883333634,0,85565,28883320203,28883399574
1734,0,28900000000,28900000306,0,71099,28899986912,28900051794
1735,0,28916666667,28916667031,0,93553,28916657742,28916740680
1736,0,28933333333,28933333632,0,65306,28933322805,28933379243
1737,0,28950000000,28950000465,0,75519,28949997216,28950056348
1738,0,28966666667,28966667586,0,104678,28966663005,28966752471
1739,0,28983333333,28983333818,0,63738,28983322917,28983377911
1740,0,29000000000,29000000490,0,67628,28999990875,29000048523
1741,0,29016666667,29016666959,0,60642,29016654001,29016708005
1742,0,29033333333,29033333654,0,64765,29033323216,29033378862
1743,0,29050000000,29050000245,0,92838,29049988615,29050073474
1744,0,29066666667,29066666945,0,72702,29066653641,29066720045
1745,0,29083333333,29083333624,0,100856,29083320389,29083399078
1746,0,29100000000,29100000259,0,84048,29099986856,29100064772
1747,0,29116666667,29116666935,0,72523,29116653749,29116719837
1748,0,29133333333,29133333613,0,72856,29133320930,29133386831
1749,0,29150000000,29150000272,0,101770,29149986933,29150082470
1750,0,29166666667,29166666920,0,72509,29166653576,29166719791
1751,0,29183333333,29183333607,0,70430,29183320190,29183384397
1752,0,29200000000,29200000263,0,84772,29199986832,29200065486
1753,0,29216666667,29216666911,0,71995,29216653568,29216719425
1754,0,29233333333,29233333650,0,73162,29233320680,29233387200
1755,0,29250000000,29250000260,0,85747,29249986867,29250066499
1756,0,29266666667,29266666943,0,54726,29266653626,29266702038
1757,0,29283333333,29283333607,0,53175,29283320238,29283367184
1758,0,29300000000,29300000253,0,52499,29299987295,29300033222
1759,0,29316666667,29316666923,0,53530,29316653564,29316699422
1760,0,29333333333,29333333601,0,56076,29333320929,29333370144
1761,0,29350000000,29350000291,0,104199,29349987301,29350084686
1762,0,29366666667,29366666925,0,71736,29366653589,29366719179
1763,0,29383333333,29383333621,0,69952,29383320226,29383383983
1764,0,29400000000,29400000272,0,85215,29399986935,29400065859
1765,0,29416666667,29416666947,0,97035,29416653561,29416744353
1766,0,29433333333,29433333608,0,70131,29433320225,29433384104
1767,0,29450000000,29450000285,0,72860,29449987515,29450037509
1768,0,29466666667,29466666966,0,71605,29466653603,29466703258
1769,0,29483333333,29483333634,0,73424,29483320151,29483387440
1770,0,29500000000,29500000279,0,84870,29499987000,29500051628
1771,0,29516666667,29516666959,0,72475,29516653705,29516719818
1772,0,29533333333,29533333606,0,84990,29533320208,29533399017
1773,0,29550000000,29550000286,0,86570,29549987229,29550067373
1774,0,29566666667,29566666947,0,54624,29566653640,29566701995
1775,0,29583333333,29583333600,0,53483,29583320265,29583367570
1776,0,29600000000,29600000267,0,52165,29599986909,29600032961
1777,0,29616666667,29616666950,0,54059,29616653569,29616701359
1778,0,29633333333,29633333618,0,52665,29633320220,29633366750
1779,0,29650000000,29650000281,0,53226,29649987002,29650033980
1780,0,29666666667,29666666950,0,54398,29666653593,29666701748
1781,0,29683333333,29683333607,0,100728,29683320214,29683398651
1782,0,29700000000,29700000289,0,85056,29699986882,29700065795
1783,0,29716666667,29716666945,0,72521,29716653481,29716719977
1784,0,29733333333,29733333639,0,61480,29733324590,29733375582
1785,0,29750000000,29750000290,0,59578,29749987896,29750040313
1786,0,29766666667,29766666932,0,73272,29766653654,29766720714
1787,0,29783333333,29783333636,0,85497,29783320262,29783399520
1788,0,29800000000,29800000272,0,87839,29799986859,29800065583
1789,0,29816666667,29816666946,0,72240,29816653560,29816719590
1790,0,29833333333,29833333606,0,55305,29833320434,29833369408
1791,0,29850000000,29850000289,0,70001,29849986861,29850050737
1792,0,29866666667,29866666947,0,74085,29866653659,29866721432
1793,0,29883333333,29883333607,0,52945,29883320317,29883367066
1794,0,29900000000,29900000271,0,53106,29899986858,29900033900
1795,0,29916666667,29916666953,0,54199,29916653709,29916701557
1796,0,29933333333,29933333634,0,52733,29933320253,29933366877
1797,0,29950000000,29950000295,0,52653,29949986955,29950033429
1798,0,29966666667,29966666942,0,54429,29966653596,29966701803
1799,0,29983333333,29983333582,0,57279,29983324329,29983371337
1800,1,30000000000,30000000257,0,54302,29999986924,30000035015
1801,1,30016666667,30016666957,0,54021,30016653652,30016701233
1802,1,30033333333,30033333620,0,52844,30033320286,30033366930
1803,1,30050000000,30050000305,0,58079,30049987760,30050038848
1804,1,30066666667,30066667174,0,86014,30066656916,30066733432
1805,1,30083333333,30083334035,0,85375,30083333363,30083399696
1806,1,30100000000,30100000732,0,77801,30099996817,30100058710
1807,1,30116666667,30116667311,0,75397,30116661150,30116722983
1808,1,30133333333,30133334037,0,65563,30133323324,30133379974
1809,1,30150000000,30150000333,0,61428,30149987789,30150042074
1810,1,30166666667,30166666970,0,59614,30166653941,30166707066
1811,1,30183333333,30183333802,0,71642,30183326113,30183385662
1812,1,30200000000,30200000327,0,75341,30199987968,30200055950
1813,1,30216666667,30216666963,0,103190,30216653605,30216750642
1814,1,30233333333,30233333611,0,72045,30233320261,30233386124
1815,1,30250000000,30250000269,0,70304,30249986860,30250050955
1816,1,30266666667,30266666917,0,103333,30266653625,30266750466
1817,1,30283333333,30283333584,0,70540,30283320213,30283384513
1818,1,30300000000,30300000254,0,70232,30299986916,30300050835
1819,1,30316666667,30316666926,0,85709,30316653502,30316733126
1820,1,30333333333,30333333597,0,58694,30333326540,30333372774
1821,1,30350000000,30350000285,0,52560,30349986985,30350033375
1822,1,30366666667,30366666943,0,54114,30366653568,30366701441
1823,1,30383333333,30383333748,0,120205,30383323226,30383420403
1824,1,30400000000,30400000261,0,101920,30399986957,30400066568
1825,1,30416666667,30416666942,0,72639,30416653530,30416719957
1826,1,30433333333,30433333647,0,69905,30433320259,30433383914
1827,1,30450000000,30450000250,0,101136,30449986842,30450081736
1828,1,30466666667,30466666916,0,86913,30466653592,30466734217
1829,1,30483333333,30483349299,0,54757,30483336418,30483384503
1830,1,30500000000,30500000261,0,107762,30499991787,30500088428
1831,1,30516666667,30516666941,0,72548,30516653589,30516719867
1832,1,30533333333,30533333592,0,70406,30533320162,30533384418
1833,1,30550000000,30550000265,0,84610,30549986873,30550065243
1834,1,30566666667,30566666929,0,73210,30566653714,30566720498
1835,1,30583333333,30583333579,0,52819,30583320277,30583366824
1836,1,30600000000,30600000277,0,55477,30599987377,30600036206
1837,1,30616666667,30616666930,0,53798,30616653463,30616701072
1838,1,30633333333,30633333603,0,85249,30633320444,30633399219
1839,1,30650000000,30650000243,0,52977,30649986907,30650033719
1840,1,30666666667,30666666907,0,54031,30666653548,30666701263
1841,1,30683333333,30683333587,0,52901,30683320235,30683366937
1842,1,30700000000,30700000262,0,54159,30699987190,30700034863
1843,1,30716666667,30716666919,0,55254,30716653474,30716702592
1844,1,30733333333,30733333592,0,52765,30733320158,30733366807
1845,1,30750000000,30750000281,0,58150,30749992067,30750038897
1846,1,30766666667,30766666969,0,53987,30766653613,30766701336
1847,1,30783333333,30783333602,0,52285,30783320237,30783366375
1848,1,30800000000,30800000248,0,52752,30799987026,30800033476
1849,1,30816666667,30816666923,0,54229,30816653567,30816701574
1850,1,30833333333,30833333604,0,52438,30833320238,30833366499
1851,1,30850000000,30850000262,0,53718,30849986855,30850034460
1852,1,30866666667,30866666945,0,54038,30866653588,30866701353
1853,1,30883333333,30883333605,0,57022,30883323671,30883371072
1854,1,30900000000,30900000291,0,54924,30899987093,30900035635
1855,1,30916666667,30916666930,0,73545,30916653436,30916720830
1856,1,30933333333,30933333581,0,53193,30933320150,30933367243
1857,1,30950000000,30950000280,0,84511,30949987086,30950065260
1858,1,30966666667,30966666953,0,54031,30966653564,30966701331
1859,1,30983333333,30983333614,0,52973,30983320268,30983367069
