# 59 fps for 30 s, then 1 s black; order sync-rows; sync x2, 112 bytes, source type 0x07, counter off, bytes 16-18 000000, byte 26 00, bytes 31-32 0000, level 25, byte 36 05; brightness packet x2 at 25; row tail 08 88; bars at pixel 128; wait hybrid (spin 2 ms), qdisc bypass, stamps
frame,black,tick_ns,sync_ns,added_ns,burst_ns,driver_ns,driver_row_ns
0,0,0,1214,0,119643,0,77306
1,0,16949153,16962798,0,128023,16958313,17046303
2,0,33898305,33899336,0,96025,33881403,33952178
3,0,50847458,50848152,0,86466,50823582,50891729
4,0,67796610,67797155,0,72887,67767450,67827128
5,0,84745763,84746950,0,83599,84722665,84787591
6,0,101694915,101695643,0,83798,101671894,101736450
7,0,118644068,118644468,0,61508,118608945,118663295
8,0,135593220,135593481,0,57788,135558029,135608436
9,0,152542373,152542692,0,58545,152506993,152558575
10,0,169491525,169491840,0,59848,169455645,169509125
11,0,186440678,186440989,0,58129,186405287,186456512
12,0,203389831,203390123,0,55669,203354295,203403204
13,0,220338983,220339253,0,85962,220302873,220368695
14,0,237288136,237288422,0,71346,237251886,237317111
15,0,254237288,254237582,0,57757,254201527,254252749
16,0,271186441,271186738,0,102328,271150468,271245782
17,0,288135593,288148740,0,86138,288112658,288192289
18,0,305084746,305085299,0,100584,305064569,305143256
19,0,322033898,322034190,0,71062,321997691,322046529
20,0,338983051,338983533,0,92528,338954889,339032983
21,0,355932203,355932890,0,77805,355905399,355967888
22,0,372881356,372881877,0,78869,372854925,372917902
23,0,389830508,389831003,0,71966,389800911,389860371
24,0,406779661,406780066,0,107987,406745127,406829057
25,0,423728814,423729092,0,56258,423692964,423742756
26,0,440677966,440678279,0,55630,440642440,440691328
27,0,457627119,457627413,0,55892,457591367,457640753
28,0,474576271,474576556,0,54675,474540265,474588675
29,0,491525424,491525714,0,54924,491489349,491538097
30,0,508474576,508474864,0,55064,508438501,508487209
31,0,525423729,525423990,0,53605,525387642,525435022
32,0,542372881,542373173,0,53383,542337439,542383710
33,0,559322034,559322328,0,52228,559285836,559331954
34,0,576271186,576271453,0,53467,576235109,576282328
35,0,593220339,593220617,0,53010,593184165,593231067
36,0,610169492,610169769,0,53085,610133383,610180298
37,0,627118644,627118967,0,85394,627082632,627161423
38,0,644067797,644068089,0,55323,644032307,644080843
39,0,661016949,661017249,0,53442,660981029,661028112
40,0,677966102,677966589,0,79857,677937017,677997235
41,0,694915254,694915865,0,78284,694888817,694951337
42,0,711864407,711865058,0,122557,711839716,711944781
43,0,728813559,728814085,0,73181,728784334,728844530
44,0,745762712,745763414,0,57241,745727340,745778075
45,0,762711864,762712169,0,55441,762675768,762725047
46,0,779661017,779661319,0,55218,779625507,779673956
47,0,796610169,796610476,0,55475,796574119,796623392
48,0,813559322,813559613,0,57601,813523966,813574520
49,0,830508475,830508749,0,55452,830472411,830521574
50,0,847457627,847457935,0,54441,847421718,847469758
51,0,864406780,864407054,0,54118,864370719,864418684
52,0,881355932,881356245,0,54337,881319873,881367651
53,0,898305085,898305697,0,73705,898276887,898336787
54,0,915254237,915254744,0,77370,915227667,915289148
55,0,932203390,932203924,0,76751,932175427,932237877
56,0,949152542,949153141,0,113065,949121474,949223547
57,0,966101695,966101982,0,86206,966065563,966145358
58,0,983050847,983051143,0,79092,983014688,983087731
59,0,1000000000,1000000300,0,87083,999963859,1000044772
60,0,1016949153,1016949518,0,78974,1016914545,1016985781
61,0,1033898305,1033898587,0,71395,1033862147,1033927450
62,0,1050847458,1050847738,0,83876,1050811301,1050888966
63,0,1067796610,1067796916,0,71197,1067760461,1067825498
64,0,1084745763,1084746069,0,71572,1084710063,1084758244
65,0,1101694915,1101695177,0,54012,1101658738,1101706630
66,0,1118644068,1118644364,0,55646,1118608392,1118657456
67,0,1135593220,1135593504,0,85636,1135557031,1135622668
68,0,1152542373,1152542925,0,97645,1152514736,1152597750
69,0,1169491525,1169492356,0,112868,1169473446,1169562103
70,0,1186440678,1186441486,0,141106,1186421074,1186539698
71,0,1203389831,1203390603,0,83799,1203367608,1203431413
72,0,1220338983,1220339721,0,80093,1220313556,1220376867
73,0,1237288136,1237288826,0,72444,1237258434,1237318494
74,0,1254237288,1254237604,0,61031,1254203039,1254255996
75,0,1271186441,1271186721,0,57990,1271150647,1271202092
76,0,1288135593,1288135873,0,61093,1288100973,1288153030
77,0,1305084746,1305085334,0,59447,1305049661,1305102203
78,0,1322033898,1322034201,0,105616,1321997827,1322078311
79,0,1338983051,1338983446,0,77840,1338947862,1339018559
80,0,1355932203,1355932493,0,71929,1355896090,1355961782
81,0,1372881356,1372881622,0,70072,1372845148,1372909011
82,0,1389830508,1389830789,0,101657,1389794343,1389889779
83,0,1406779661,1406779965,0,85052,1406743504,1406808330
84,0,1423728814,1423729147,0,75331,1423697455,1423761802
85,0,1440677966,1440678231,0,75682,1440643268,1440710961
86,0,1457627119,1457627399,0,103150,1457591671,1457687859
87,0,1474576271,1474576535,0,53108,1474540093,1474587067
88,0,1491525424,1491525691,0,52953,1491489224,1491536080
89,0,1508474576,1508474875,0,52597,1508438399,1508484900
90,0,1525423729,1525423995,0,69359,1525387563,1525450664
91,0,1542372881,1542373174,0,107485,1542341642,1542437868
92,0,1559322034,1559322339,0,54741,1559285898,1559333492
93,0,1576271186,1576271849,0,75262,1576243473,1576304371
94,0,1593220339,1593220906,0,79180,1593193682,1593257385
95,0,1610169492,1610170251,0,101312,1610143345,1610228436
96,0,1627118644,1627119216,0,68971,1627087846,1627145446
97,0,1644067797,1644068431,0,73746,1644041527,1644099504
98,0,1661016949,1661017267,0,56262,1660981005,1661030911
99,0,1677966102,1677966380,0,55555,1677930307,1677979389
100,0,1694915254,1694915535,0,56008,1694880186,1694928986
101,0,1711864407,1711864683,0,52582,1711828144,1711874748
102,0,1728813559,1728813858,0,84566,1728777326,1728855764
103,0,1745762712,1745779708,0,119617,1745757083,1745856595
104,0,1762711864,1762712472,0,80756,1762685570,1762750491
105,0,1779661017,1779661489,0,109244,1779635073,1779728061
106,0,1796610169,1796610442,0,74762,1796574594,1796642473
107,0,1813559322,1813559628,0,55882,1813523532,1813572947
108,0,1830508475,1830508776,0,56161,1830472425,1830520548
109,0,1847457627,1847458332,0,76350,1847422848,1847491993
110,0,1864406780,1864407082,0,57280,1864371114,1864421761
111,0,1881355932,1881356233,0,55060,1881319964,1881368655
112,0,1898305085,1898305372,0,55052,1898269315,1898317838
113,0,1915254237,1915254514,0,52753,1915218033,1915264723
114,0,1932203390,1932203685,0,53176,1932167274,1932214288
115,0,1949152542,1949152825,0,56240,1949116638,1949166424
116,0,1966101695,1966119927,0,86251,1966084863,1966163503
117,0,1983050847,1983051132,0,72975,1983014682,1983081428
118,0,2000000000,2000000297,0,70795,1999963829,2000028406
119,0,2016949153,2016949419,0,84441,2016912976,2016991244
120,0,2033898305,2033898612,0,71646,2033862145,2033927598
121,0,2050847458,2050847743,0,83775,2050811209,2050875321
122,0,2067796610,2067796936,0,58313,2067761237,2067812637
123,0,2084745763,2084746035,0,86134,2084709540,2084789493
124,0,2101694915,2101695351,0,78004,2101668461,2101730575
125,0,2118644068,2118644435,0,78824,2118616423,2118680037
126,0,2135593220,2135593777,0,81843,2135567886,2135632768
127,0,2152542373,2152542780,0,114998,2152510556,2152615005
128,0,2169491525,2169491943,0,97125,2169458861,2169544252
129,0,2186440678,2186440966,0,86683,2186404529,2186484987
130,0,2203389831,2203390096,0,71549,2203353638,2203419040
131,0,2220338983,2220339298,0,70186,2220302809,2220366780
132,0,2237288136,2237288401,0,101403,2237252017,2237331356
133,0,2254237288,2254237567,0,52618,2254201071,2254247633
134,0,2271186441,2271186739,0,57547,2271151507,2271201670
135,0,2288135593,2288147513,0,86711,2288111255,2288191512
136,0,2305084746,2305085497,0,100634,2305051694,2305143488
137,0,2322033898,2322034183,0,62475,2321999234,2322053704
138,0,2338983051,2338983447,0,65367,2338949858,2339006086
139,0,2355932203,2355932609,0,69889,2355901674,2355959681
140,0,2372881356,2372881908,0,71676,2372851134,2372910670
141,0,2389830508,2389830825,0,59593,2389794968,2389847368
142,0,2406779661,2406779971,0,56885,2406743730,2406794303
143,0,2423728814,2423729504,0,119707,2423706015,2423806038
144,0,2440677966,2440678766,0,82975,2440654350,2440718981
145,0,2457627119,2457627733,0,116307,2457602533,2457701222
146,0,2474576271,2474577064,0,77426,2474549560,2474611714
147,0,2491525424,2491525811,0,58967,2491489848,2491542205
148,0,2508474576,2508474904,0,394679,2508438948,2508825080
149,0,2525423729,2525424052,0,55718,2525388093,2525437150
150,0,2542372881,2542373146,0,55370,2542336843,2542385944
151,0,2559322034,2559322299,0,55319,2559286052,2559335050
152,0,2576271186,2576271503,0,59792,2576239065,2576288742
153,0,2593220339,2593220642,0,55452,2593184574,2593233399
154,0,2610169492,2610169802,0,67475,2610148002,2610194666
155,0,2627118644,2627118934,0,52820,2627082486,2627129172
156,0,2644067797,2644068082,0,54346,2644031640,2644079821
157,0,2661016949,2661017249,0,52777,2660980809,2661027463
158,0,2677966102,2677966387,0,54543,2677930105,2677978379
159,0,2694915254,2694915530,0,72054,2694879095,2694944894
160,0,2711864407,2711864705,0,83775,2711828286,2711905946
161,0,2728813559,2728813841,0,84162,2728777390,2728855401
162,0,2745762712,2745762985,0,69557,2745726499,2745789861
163,0,2762711864,2762712160,0,84861,2762675706,2762754295
164,0,2779661017,2779661303,0,84173,2779624904,2779702816
165,0,2796610169,2796610440,0,84075,2796573988,2796651562
166,0,2813559322,2813559603,0,52449,2813523158,2813569449
167,0,2830508475,2830508757,0,56187,2830472837,2830522359
168,0,2847457627,2847458401,0,79294,2847431562,2847494875
169,0,2864406780,2864407322,0,76953,2864379365,2864441407
170,0,2881355932,2881356974,0,91280,2881335586,2881405323
171,0,2898305085,2898305813,0,80668,2898279537,2898343592
172,0,2915254237,2915254633,0,72555,2915222915,2915281717
173,0,2932203390,2932203857,0,68252,2932171378,2932229263
174,0,2949152542,2949153156,0,72174,2949123025,2949182466
175,0,2966101695,2966102001,0,60020,2966066193,2966119372
176,0,2983050847,2983051162,0,60524,2983016255,2983069116
177,0,3000000000,3000000402,0,68161,2999971121,3000025907
178,0,3016949153,3016949435,0,58051,3016913491,3016964840
179,0,3033898305,3033898609,0,56778,3033862669,3033912700
180,0,3050847458,3050847766,0,58920,3050812150,3050864025
181,0,3067796610,3067797600,0,78347,3067770429,3067833123
182,0,3084745763,3084746362,0,81383,3084720323,3084785008
183,0,3101694915,3101695714,0,88439,3101675572,3101741294
184,0,3118644068,3118644360,0,58305,3118608774,3118660094
185,0,3135593220,3135593518,0,55236,3135557201,3135606173
186,0,3152542373,3152542690,0,54363,3152506317,3152554474
187,0,3169491525,3169491835,0,55165,3169455689,3169504406
188,0,3186440678,3186440976,0,54402,3186404827,3186452810
189,0,3203389831,3203390158,0,63998,3203359350,3203411519
190,0,3220338983,3220339282,0,53960,3220302886,3220350671
191,0,3237288136,3237288412,0,53433,3237251982,3237299266
192,0,3254237288,3254237593,0,53287,3254201179,3254248292
193,0,3271186441,3271186714,0,52615,3271150313,3271196729
194,0,3288135593,3288135874,0,52392,3288099340,3288145682
195,0,3305084746,3305085249,0,108313,3305051170,3305150914
196,0,3322033898,3322034194,0,73008,3321997779,3322064516
197,0,3338983051,3338983337,0,52886,3338946894,3338993633
198,0,3355932203,3355932792,0,83033,3355908548,3355972789
199,0,3372881356,3372881845,0,78622,3372855421,3372917551
200,0,3389830508,3389831037,0,77144,3389803161,3389863885
201,0,3406779661,3406780124,0,63109,3406745617,3406800568
202,0,3423728814,3423729074,0,72041,3423692714,3423758375
203,0,3440677966,3440678346,0,64639,3440644734,3440700285
204,0,3457627119,3457627419,0,61744,3457593016,3457646511
205,0,3474576271,3474576738,0,74268,3474547186,3474607748
206,0,3491525424,3491525752,0,64623,3491491595,3491547653
207,0,3508474576,3508474964,0,82873,3508441179,3508514911
208,0,3525423729,3525424003,0,61299,3525388566,3525442616
209,0,3542372881,3542373194,0,58473,3542336956,3542389016
210,0,3559322034,3559322716,0,130418,3559313435,3559410157
211,0,3576271186,3576271667,0,82832,3576246637,3576311763
212,0,3593220339,3593221121,0,103283,3593195219,3593281354
213,0,3610169492,3610169972,0,72177,3610140146,3610199445
214,0,3627118644,3627118982,0,65691,3627089028,3627142125
215,0,3644067797,3644068104,0,57135,3644031840,3644082644
216,0,3661016949,3661017250,0,55006,3660981112,3661029628
217,0,3677966102,3677966404,0,54900,3677930276,3677978708
218,0,3694915254,3694915570,0,55515,3694879542,3694928531
219,0,3711864407,3711864673,0,52516,3711828214,3711874622
220,0,3728813559,3728813847,0,55729,3728779759,3728826941
221,0,3745762712,3745762987,0,53165,3745726587,3745773514
222,0,3762711864,3762712154,0,53009,3762675797,3762722549
223,0,3779661017,3779661293,0,52936,3779624907,3779671706
224,0,3796610169,3796610455,0,52281,3796573964,3796620146
225,0,3813559322,3813559811,0,77774,3813532837,3813594922
226,0,3830508475,3830509251,0,89621,3830487200,3830556057
227,0,3847457627,3847458208,0,78040,3847430475,3847493455
228,0,3864406780,3864407260,0,80945,3864374826,3864445592
229,0,3881355932,3881356283,0,102505,3881319891,3881416031
230,0,3898305085,3898305392,0,54416,3898268994,3898317231
231,0,3915254237,3915254512,0,54558,3915218260,3915266447
232,0,3932203390,3932203756,0,65578,3932172376,3932224585
233,0,3949152542,3949152846,0,55629,3949116574,3949165858
234,0,3966101695,3966101972,0,54905,3966065602,3966114273
235,0,3983050847,3983051118,0,57737,3983015031,3983066269
236,0,4000000000,4000000302,0,54179,3999964197,4000011899
237,0,4016949153,4016949433,0,53119,4016913004,4016959931
238,0,4033898305,4033898592,0,74892,4033865489,4033914759
239,0,4050847458,4050847715,0,85626,4050811308,4050890729
240,0,4067796610,4067796873,0,70462,4067760453,4067824715
241,0,4084745763,4084746071,0,70315,4084709601,4084773739
242,0,4101694915,4101695200,0,69688,4101658861,4101722185
243,0,4118644068,4118644342,0,52620,4118607947,4118654351
244,0,4135593220,4135593509,0,58054,4135560336,4135608950
245,0,4152542373,4152542649,0,53264,4152506213,4152553295
246,0,4169491525,4169491783,0,52301,4169455380,4169501549
247,0,4186440678,4186440955,0,52712,4186404534,4186451070
248,0,4203389831,4203390588,0,77267,4203363738,4203425149
249,0,4220338983,4220339602,0,75994,4220311928,4220372918
250,0,4237288136,4237288982,0,137465,4237268113,4237383480
251,0,4254237288,4254237721,0,82096,4254205460,4254277106
252,0,4271186441,4271186708,0,102708,4271150264,4271246614
253,0,4288135593,4288135882,0,55983,4288099688,4288149287
254,0,4305084746,4305086015,0,70892,4305049841,4305114157
255,0,4322033898,4322034194,0,103480,4321997690,4322095098
256,0,4338983051,4338983351,0,73284,4338947161,4339013920
257,0,4355932203,4355932609,0,73681,4355903853,4355963581
258,0,4372881356,4372882098,0,95027,4372854068,4372934353
259,0,4389830508,4389831202,0,78965,4389804624,4389867442
260,0,4406779661,4406780305,0,118291,4406750640,4406855902
261,0,4423728814,4423729109,0,55428,4423692745,4423742012
262,0,4440677966,4440678262,0,58549,4440642125,4440694120
263,0,4457627119,4457627419,0,67221,4457597931,4457652004
264,0,4474576271,4474576547,0,55883,4474540483,4474589476
265,0,4491525424,4491525711,0,54584,4491489294,4491537706
266,0,4508474576,4508474871,0,55264,4508438852,4508487529
267,0,4525423729,4525424028,0,53436,4525387637,4525434878
268,0,4542372881,4542373170,0,54595,4542336890,4542383248
269,0,4559322034,4559322329,0,58339,4559286797,4559337988
270,0,4576271186,4576271674,0,65953,4576238165,4576294908
271,0,4593220339,4593220772,0,62780,4593185814,4593240926
272,0,4610169492,4610169994,0,73574,4610140820,4610200774
273,0,4627118644,4627119058,0,62811,4627085413,4627139173
274,0,4644067797,4644068073,0,107236,4644035084,4644132395
275,0,4661016949,4661017241,0,58722,4660981305,4661033293
276,0,4677966102,4677967025,0,162818,4677946027,4678067983
277,0,4694915254,4694916069,0,91568,4694894301,4694964656
278,0,4711864407,4711865132,0,83008,4711840439,4711905020
279,0,4728813559,4728814109,0,72295,4728784918,4728843674
280,0,4745762712,4745763051,0,58014,4745726877,4745778508
281,0,4762711864,4762712204,0,60537,4762676650,4762730055
282,0,4779661017,4779661303,0,56042,4779625319,4779674755
283,0,4796610169,4796610494,0,54719,4796574367,4796622660
284,0,4813559322,4813559615,0,52837,4813523192,4813569852
285,0,4830508475,4830508790,0,52559,4830472435,4830518740
286,0,4847457627,4847457924,0,52946,4847421538,4847468267
287,0,4864406780,4864407085,0,54435,4864370767,4864418914
288,0,4881355932,4881356655,0,99178,4881329348,4881412960
289,0,4898305085,4898305688,0,77481,4898276647,4898340462
290,0,4915254237,4915254795,0,81643,4915229059,4915293662
291,0,4932203390,4932203806,0,105297,4932168111,4932266299
292,0,4949152542,4949152846,0,85647,4949116422,4949195919
293,0,4966101695,4966101990,0,107406,4966085286,4966166805
294,0,4983050847,4983051132,0,73300,4983014809,4983081842
295,0,5000000000,5000000287,0,103383,4999963787,5000044738
296,0,5016949153,5016949432,0,87220,5016914246,5016993982
297,0,5033898305,5033898588,0,70972,5033862148,5033926854
298,0,5050847458,5050847741,0,71215,5050811385,5050876262
299,0,5067796610,5067797119,0,68713,5067766032,5067823189
300,0,5084745763,5084746676,0,80153,5084720522,5084783743
301,0,5101694915,5101695683,0,89162,5101669976,5101742073
302,0,5118644068,5118644651,0,73115,5118616357,5118675053
303,0,5135593220,5135593514,0,57355,5135557518,5135608330
304,0,5152542373,5152542659,0,56242,5152506319,5152556316
305,0,5169491525,5169491882,0,61585,5169457555,5169510850
306,0,5186440678,5186440982,0,56179,5186405025,5186454554
307,0,5203389831,5203390119,0,54722,5203354004,5203402247
308,0,5220338983,5220339294,0,54781,5220302966,5220350026
309,0,5237288136,5237288412,0,52526,5237251975,5237298358
310,0,5254237288,5254237756,0,61710,5254204242,5254256774
311,0,5271186441,5271187268,0,130354,5271162854,5271274857
312,0,5288135593,5288136280,0,100990,5288126985,5288194067
313,0,5305084746,5305086226,0,115839,5305080510,5305159156
314,0,5322033898,5322034277,0,61776,5321999168,5322053140
315,0,5338983051,5338983352,0,57402,5338947031,5338998005
316,0,5355932203,5355932485,0,56526,5355896111,5355946445
317,0,5372881356,5372881682,0,54146,5372845407,5372893223
318,0,5389830508,5389830848,0,57675,5389795215,5389845982
319,0,5406779661,5406779970,0,55796,5406743761,5406793155
320,0,5423728814,5423729105,0,52849,5423692624,5423739372
321,0,5440677966,5440678265,0,52320,5440641901,5440688041
322,0,5457627119,5457627416,0,53539,5457590933,5457638358
323,0,5474576271,5474576550,0,52589,5474540166,5474586610
324,0,5491525424,5491525755,0,75297,5491490925,5491558192
325,0,5508474576,5508475156,0,75328,5508446911,5508507656
326,0,5525423729,5525424399,0,79241,5525397334,5525460659
327,0,5542372881,5542373443,0,83144,5542347634,5542413335
328,0,5559322034,5559322460,0,85732,5559291027,5559365335
329,0,5576271186,5576271563,0,102032,5576235250,5576330913
330,0,5593220339,5593220858,0,97084,5593188680,5593275016
331,0,5610169492,5610172803,0,88175,5610136676,5610218221
332,0,5627118644,5627118945,0,70514,5627082489,5627146824
333,0,5644067797,5644068088,0,72131,5644031621,5644097547
334,0,5661016949,5661017253,0,70716,5660980790,5661045354
335,0,5677966102,5677966388,0,53136,5677930008,5677976931
336,0,5694915254,5694915563,0,60085,5694880840,5694932971
337,0,5711864407,5711864799,0,65367,5711830859,5711887439
338,0,5728813559,5728814248,0,136545,5728790659,5728907722
339,0,5745762712,5745763730,0,143643,5745744317,5745864041
340,0,5762711864,5762712775,0,111203,5762691574,5762780837
341,0,5779661017,5779661765,0,144942,5779642416,5779763768
342,0,5796610169,5796610872,0,123900,5796586281,5796691704
343,0,5813559322,5813559581,0,64275,5813525835,5813581200
344,0,5830508475,5830508809,0,58392,5830472886,5830524594
345,0,5847457627,5847457956,0,61584,5847422802,5847476950
346,0,5864406780,5864407094,0,58245,5864371068,5864422790
347,0,5881355932,5881356245,0,56124,5881320309,5881369709
348,0,5898305085,5898305459,0,58476,5898270332,5898321377
349,0,5915254237,5915254542,0,53790,5915218204,5915265756
350,0,5932203390,5932203696,0,57969,5932167848,5932219048
351,0,5949152542,5949153143,0,79979,5949125586,5949190213
352,0,5966101695,5966102294,0,81413,5966075244,5966138297
353,0,5983050847,5983051783,0,90306,5983021423,5983099316
354,0,6000000000,6000000420,0,61359,5999966152,6000018946
355,0,6016949153,6016949448,0,56540,6016913718,6016963358
356,0,6033898305,6033898622,0,53993,6033862405,6033910005
357,0,6050847458,6050847785,0,54831,6050811419,6050859977
358,0,6067796610,6067796938,0,54228,6067760773,6067808589
359,0,6084745763,6084746080,0,54564,6084709714,6084758034
360,0,6101694915,6101695313,0,74688,6101659745,6101727052
361,0,6118644068,6118644810,0,87965,6118620991,6118689851
362,0,6135593220,6135593792,0,81226,6135567874,6135632290
363,0,6152542373,6152542912,0,75923,6152514388,6152576109
364,0,6169491525,6169491831,0,71296,6169455466,6169520502
365,0,6186440678,6186440977,0,70678,6186404530,6186468926
366,0,6203389831,6203390126,0,83833,6203353707,6203431383
367,0,6220338983,6220339559,0,89918,6220303955,6220386874
368,0,6237288136,6237288454,0,71567,6237252099,6237317362
369,0,6254237288,6254237549,0,69739,6254201139,6254264704
370,0,6271186441,6271186804,0,56823,6271150671,6271200974
371,0,6288135593,6288136225,0,77058,6288108803,6288170548
372,0,6305084746,6305086280,0,132856,6305060907,6305176245
373,0,6322033898,6322034680,0,141380,6322016340,6322132875
374,0,6338983051,6338983658,0,59123,6338947619,6339000156
375,0,6355932203,6355932485,0,72591,6355896070,6355962415
376,0,6372881356,6372881625,0,54147,6372845219,6372893264
377,0,6389830508,6389830802,0,53040,6389794366,6389841294
378,0,6406779661,6406779964,0,53009,6406743535,6406790387
379,0,6423728814,6423729165,0,74004,6423693383,6423760298
380,0,6440677966,6440678254,0,55698,6440643730,6440691328
381,0,6457627119,6457627446,0,52813,6457591073,6457637667
382,0,6474576271,6474576833,0,68095,6474546056,6474602251
383,0,6491525424,6491526000,0,80663,6491499778,6491563777
384,0,6508474576,6508475275,0,81768,6508449801,6508514435
385,0,6525423729,6525424237,0,91610,6525395633,6525473084
386,0,6542372881,6542373252,0,70813,6542337051,6542401429
387,0,6559322034,6559322305,0,85542,6559285924,6559365262
388,0,6576271186,6576271480,0,102583,6576235054,6576315028
389,0,6593220339,6593221172,0,74695,6593193575,6593253226
390,0,6610169492,6610180456,0,83644,6610159528,6610221374
391,0,6627118644,6627119366,0,104522,6627113572,6627180805
392,0,6644067797,6644068267,0,119785,6644036272,6644145304
393,0,6661016949,6661017229,0,73743,6660981051,6661048254
394,0,6677966102,6677966415,0,71449,6677929996,6677995167
395,0,6694915254,6694915559,0,53462,6694879152,6694926394
396,0,6711864407,6711864711,0,52472,6711828299,6711874563
397,0,6728813559,6728813995,0,59335,6728778687,6728830706
398,0,6745762712,6745763008,0,103422,6745726593,6745823694
399,0,6762711864,6762712142,0,52896,6762675700,6762722512
400,0,6779661017,6779661625,0,70144,6779629580,6779685614
401,0,6796610169,6796610959,0,77347,6796583535,6796645237
402,0,6813559322,6813560065,0,80710,6813534656,6813598146
403,0,6830508475,6830508988,0,73328,6830478795,6830539588
404,0,6847457627,6847458103,0,66851,6847426208,6847482168
405,0,6864406780,6864407220,0,65172,6864373824,6864429312
406,0,6881355932,6881356313,0,61852,6881321378,6881375520
407,0,6898305085,6898305687,0,96414,6898279519,6898359094
408,0,6915254237,6915254801,0,64157,6915221503,6915276228
409,0,6932203390,6932204365,0,141019,6932183773,6932301975
410,0,6949152542,6949159208,0,139378,6949138244,6949238653
411,0,6966101695,6966102423,0,118288,6966079159,6966177795
412,0,6983050847,6983051470,0,81740,6983024180,6983090439
413,0,7000000000,7000000424,0,61433,6999964871,7000019238
414,0,7016949153,7016949476,0,55601,7016913431,7016962465
415,0,7033898305,7033898613,0,56557,7033862592,7033912504
416,0,7050847458,7050847835,0,58724,7050812047,7050863971
417,0,7067796610,7067796980,0,59452,7067761619,7067813761
418,0,7084745763,7084746522,0,78101,7084718004,7084781762
419,0,7101694915,7101695612,0,82270,7101669367,7101735203
420,0,7118644068,7118644544,0,71466,7118614957,7118673347
421,0,7135593220,7135593540,0,57897,7135557341,7135608819
422,0,7152542373,7152542717,0,65791,7152509799,7152565938
423,0,7169491525,7169491815,0,55847,7169455721,7169505021
424,0,7186440678,7186440965,0,54998,7186404700,7186453381
425,0,7203389831,7203390121,0,54194,7203353782,7203401721
426,0,7220338983,7220339287,0,52899,7220302847,7220349634
427,0,7237288136,7237288436,0,52359,7237251977,7237298249
428,0,7254237288,7254237583,0,55993,7254201730,7254250946
429,0,7271186441,7271186725,0,57548,7271154923,7271201720
430,0,7288135593,7288135880,0,53796,7288099960,7288147096
431,0,7305084746,7305085295,0,53135,7305049134,7305095845
432,0,7322033898,7322034188,0,71087,7321997751,7322046553
433,0,7338983051,7338983352,0,102989,7338946878,7339026562
434,0,7355932203,7355933078,0,103972,7355909897,7355993836
435,0,7372881356,7372882000,0,82760,7372859015,7372921996
436,0,7389830508,7389831247,0,77514,7389802773,7389866036
437,0,7406779661,7406780120,0,115419,7406748360,7406852708
438,0,7423728814,7423729100,0,56331,7423692915,7423742847
439,0,7440677966,7440678298,0,55677,7440641997,7440691315
440,0,7457627119,7457627943,0,101386,7457603414,7457686385
441,0,7474576271,7474577241,0,91928,7474558786,7474626349
442,0,7491525424,7491526120,0,86179,7491502809,7491569597
443,0,7508474576,7508474881,0,58754,7508439379,7508491068
444,0,7525423729,7525424058,0,55397,7525387769,7525436850
445,0,7542372881,7542373208,0,54817,7542336989,7542385370
446,0,7559322034,7559322317,0,55691,7559286010,7559335446
447,0,7576271186,7576271467,0,65384,7576240564,7576294197
448,0,7593220339,7593220647,0,56216,7593184747,7593234289
449,0,7610169492,7610169759,0,53070,7610133371,7610180267
450,0,7627118644,7627118927,0,52827,7627082470,7627129120
451,0,7644067797,7644068101,0,87332,7644031665,7644112851
452,0,7661016949,7661017231,0,72729,7660980889,7661047282
453,0,7677966102,7677966851,0,82723,7677941109,7678006654
454,0,7694915254,7694915869,0,80126,7694889012,7694952938
455,0,7711864407,7711865240,0,84347,7711840020,7711906746
456,0,7728813559,7728814064,0,70086,7728781488,7728838376
457,0,7745762712,7745763086,0,72116,7745726845,7745792645
458,0,7762711864,7762712183,0,85865,7762675994,7762755460
459,0,7779661017,7779661338,0,87181,7779625616,7779705975
460,0,7796610169,7796610481,0,59673,7796578746,7796627557
461,0,7813559322,7813559598,0,53221,7813523191,7813570269
462,0,7830508475,7830508750,0,52903,7830472278,7830519075
463,0,7847457627,7847458225,0,78744,7847431602,7847494228
464,0,7864406780,7864407424,0,79348,7864380968,7864443989
465,0,7881355932,7881356766,0,85884,7881332550,7881399795
466,0,7898305085,7898305447,0,82139,7898275306,7898344853
467,0,7915254237,7915254547,0,55812,7915218442,7915267794
468,0,7932203390,7932203673,0,55561,7932167536,7932216631
469,0,7949152542,7949152835,0,55419,7949116761,7949165638
470,0,7966101695,7966101987,0,54829,7966065816,7966114252
471,0,7983050847,7983051204,0,62350,7983015497,7983070897
472,0,8000000000,8000000442,0,86242,7999967456,8000041720
473,0,8016949153,8016950236,0,113603,8016931802,8017020609
474,0,8033898305,8033899498,0,138600,8033877065,8033995199
475,0,8050847458,8050848301,0,153688,8050840646,8050958728
476,0,8067796610,8067797410,0,79165,8067770741,8067833689
477,0,8084745763,8084746452,0,76892,8084719676,8084780515
478,0,8101694915,8101695283,0,60073,8101659530,8101712683
479,0,8118644068,8118644352,0,57540,8118608367,8118659264
480,0,8135593220,8135593607,0,60956,8135558665,8135611906
481,0,8152542373,8152542668,0,56381,8152506433,8152556497
482,0,8169491525,8169491821,0,56068,8169455520,8169505323
483,0,8186440678,8186441018,0,60697,8186406233,8186459103
484,0,8203389831,8203390145,0,56178,8203354056,8203403717
485,0,8220338983,8220339265,0,53965,8220302825,8220350675
486,0,8237288136,8237288418,0,54403,8237253556,8237300198
487,0,8254237288,8254237575,0,52333,8254201170,8254247341
488,0,8271186441,8271187339,0,79227,8271160237,8271223728
489,0,8288135593,8288136412,0,88990,8288113303,8288182413
490,0,8305084746,8305086298,0,170128,8305076596,8305213607
491,0,8322033898,8322034241,0,60716,8321998470,8322052404
492,0,8338983051,8338983351,0,57212,8338947170,8338997921
493,0,8355932203,8355932488,0,55245,8355896174,8355945129
494,0,8372881356,8372881653,0,54369,8372845267,8372893426
495,0,8389830508,8389830830,0,54438,8389794681,8389842662
496,0,8406779661,8406779973,0,58968,8406745029,8406796373
497,0,8423728814,8423729110,0,53872,8423692673,8423740398
498,0,8440677966,8440678276,0,53265,8440641835,8440688951
499,0,8457627119,8457627386,0,53241,8457590956,8457638086
500,0,8474576271,8474576860,0,84085,8474555120,8474618227
501,0,8491525424,8491526027,0,81296,8491502120,8491564533
502,0,8508474576,8508475650,0,81963,8508449830,8508514616
503,0,8525423729,8525424163,0,73585,8525388336,8525455101
504,0,8542372881,8542373163,0,102462,8542336963,8542416848
505,0,8559322034,8559322330,0,87119,8559285873,8559366817
506,0,8576271186,8576271461,0,86218,8576235194,8576315023
507,0,8593220339,8593220595,0,75230,8593188436,8593253187
508,0,8610169492,8610169794,0,105287,8610134337,8610232186
509,0,8627118644,8627118960,0,55432,8627082705,8627131832
510,0,8644067797,8644068067,0,53811,8644031570,8644079335
511,0,8661016949,8661017240,0,54504,8660980801,8661029124
512,0,8677966102,8677966601,0,107131,8677937693,8678031084
513,0,8694915254,8694915841,0,108423,8694886351,8694981490
514,0,8711864407,8711865251,0,87110,8711842726,8711909544
515,0,8728813559,8728814106,0,66859,8728782160,8728838383
516,0,8745762712,8745763112,0,103469,8745726740,8745823785
517,0,8762711864,8762712162,0,71738,8762675670,8762741252
518,0,8779661017,8779661294,0,52862,8779624848,8779671559
519,0,8796610169,8796610459,0,84842,8796574084,8796652718
520,0,8813559322,8813559684,0,107476,8813524356,8813606263
521,0,8830508475,8830508881,0,83551,8830476759,8830549842
522,0,8847457627,8847458411,0,79009,8847431122,8847494764
523,0,8864406780,8864407334,0,80128,8864382281,8864444584
524,0,8881355932,8881356500,0,118937,8881326401,8881432352
525,0,8898305085,8898305388,0,86316,8898268977,8898349074
526,0,8915254237,8915254578,0,91777,8915219578,8915303718
527,0,8932203390,8932203676,0,72512,8932167492,8932233486
528,0,8949152542,8949152840,0,84650,8949116405,8949194819
529,0,8966101695,8966101957,0,52693,8966065557,8966112143
530,0,8983050847,8983051114,0,71839,8983014728,8983080300
531,0,9000000000,9000000312,0,103723,8999963935,9000060911
532,0,9016949153,9016949431,0,82705,9016913142,9016989443
533,0,9033898305,9033898656,0,62497,9033865093,9033918540
534,0,9050847458,9050848041,0,109707,9050819919,9050914962
535,0,9067796610,9067797198,0,79588,9067770884,9067834051
536,0,9084745763,9084746356,0,88604,9084715966,9084792075
537,0,9101694915,9101695173,0,74130,9101658796,9101726439
538,0,9118644068,9118644398,0,57056,9118608147,9118658811
539,0,9135593220,9135593637,0,66128,9135561586,9135617216
540,0,9152542373,9152542821,0,62655,9152508551,9152562755
541,0,9169491525,9169491825,0,63458,9169457066,9169512543
542,0,9186440678,9186441251,0,75627,9186413189,9186474102
543,0,9203389831,9203390096,0,64126,9203356459,9203411533
544,0,9220338983,9220339269,0,59789,9220303984,9220356395
545,0,9237288136,9237288535,0,60854,9237253094,9237306808
546,0,9254237288,9254238187,0,142944,9254217282,9254337670
547,0,9271186441,9271187099,0,106540,9271168472,9271250790
548,0,9288135593,9288136256,0,82874,9288111416,9288176139
549,0,9305084746,9305085714,0,65901,9305053111,9305108990
550,0,9322033898,9322034191,0,69206,9322008021,9322060748
551,0,9338983051,9338983411,0,61674,9338948838,9339002421
552,0,9355932203,9355932500,0,57549,9355896187,9355947378
553,0,9372881356,9372881654,0,55481,9372845328,9372894527
554,0,9389830508,9389830810,0,54923,9389794725,9389843138
555,0,9406779661,9406780239,0,80185,9406754554,9406817709
556,0,9423728814,9423729496,0,76731,9423701596,9423763445
557,0,9440677966,9440678663,0,83073,9440654657,9440718691
558,0,9457627119,9457627410,0,57986,9457591558,9457642716
559,0,9474576271,9474576547,0,55729,9474540233,9474589684
560,0,9491525424,9491525706,0,55918,9491489753,9491539050
561,0,9508474576,9508474858,0,54318,9508438545,9508486576
562,0,9525423729,9525424035,0,52937,9525387607,9525434391
563,0,9542372881,9542373313,0,75445,9542339101,9542405884
564,0,9559322034,9559322683,0,103572,9559296319,9559383424
565,0,9576271186,9576272087,0,79091,9576245394,9576308458
566,0,9593220339,9593220910,0,128794,9593195286,9593306755
567,0,9610169492,9610169867,0,60972,9610134262,9610188254
568,0,9627118644,9627118937,0,63197,9627087848,9627139633
569,0,9644067797,9644068165,0,60624,9644032384,9644086172
570,0,9661016949,9661017225,0,54449,9660980884,9661029084
571,0,9677966102,9677966376,0,54933,9677929999,9677978717
572,0,9694915254,9694915574,0,54517,9694879229,9694927516
573,0,9711864407,9711864678,0,53568,9711828299,9711875635
574,0,9728813559,9728814361,0,78260,9728787409,9728849767
575,0,9745762712,9745763429,0,86650,9745740170,9745807164
576,0,9762711864,9762712638,0,83117,9762687323,9762752651
577,0,9779661017,9779661515,0,120133,9779635076,9779738990
578,0,9796610169,9796610568,0,86833,9796574287,9796654762
579,0,9813559322,9813559630,0,54497,9813523396,9813571538
580,0,9830508475,9830508785,0,55657,9830472452,9830521897
581,0,9847457627,9847458010,0,59966,9847422868,9847475306
582,0,9864406780,9864407087,0,55063,9864370950,9864419523
583,0,9881355932,9881356216,0,55785,9881319900,9881369443
584,0,9898305085,9898305730,0,75626,9898278782,9898338635
585,0,9915254237,9915254698,0,78014,9915227648,9915290007
586,0,9932203390,9932203860,0,77949,9932175903,9932239004
587,0,9949152542,9949153161,0,76425,9949124474,9949186681
588,0,9966101695,9966119355,0,89420,9966083851,9966166036
589,0,9983050847,9983051124,0,88140,9983014638,9983096660
590,0,10000000000,10000000319,0,69913,9999963864,10000027630
591,0,10016949153,10016949454,0,54909,10016913150,10016961775
592,0,10033898305,10033898637,0,57686,10033862433,10033911094
593,0,10050847458,10050847750,0,55183,10050811475,10050860358
594,0,10067796610,10067797243,0,83236,10067776155,10067837777
595,0,10084745763,10084746229,0,90882,10084732488,10084794378
596,0,10101694915,10101695458,0,110899,10101667804,10101763495
597,0,10118644068,10118644630,0,117921,10118614706,10118719782
598,0,10135593220,10135593565,0,87584,10135557197,10135638622
599,0,10152542373,10152542709,0,55418,10152506385,10152555510
600,0,10169491525,10169491948,0,106336,10169456795,10169555507
601,0,10186440678,10186440980,0,87418,10186404705,10186485608
602,0,10203389831,10203390136,0,71302,10203353655,10203418753
603,0,10220338983,10220339286,0,84724,10220302877,10220381453
604,0,10237288136,10237288448,0,84884,10237252030,10237330724
605,0,10254237288,10254237578,0,52327,10254201234,10254247357
606,0,10271186441,10271186974,0,70258,10271156123,10271214550
607,0,10288135593,10288135958,0,61089,10288100474,10288154370
608,0,10305084746,10305085281,0,85436,10305050347,10305128090
609,0,10322033898,10322034746,0,127384,10322015602,10322119112
610,0,10338983051,10338983954,0,161615,10338960986,10339085145
611,0,10355932203,10355933218,0,109028,10355912991,10355998946
612,0,10372881356,10372881933,0,78115,10372854793,10372917314
613,0,10389830508,10389830938,0,66163,10389798469,10389854294
614,0,10406779661,10406779947,0,73611,10406743769,10406810811
615,0,10423728814,10423729130,0,56279,10423692873,10423742779
616,0,10440677966,10440678273,0,57418,10440642160,10440693096
617,0,10457627119,10457627431,0,55818,10457591546,10457640613
618,0,10474576271,10474577505,0,86602,10474554306,10474620973
619,0,10491525424,10491526223,0,79843,10491499740,10491563312
620,0,10508474576,10508475311,0,82457,10508449503,10508514968
621,0,10525423729,10525424246,0,72384,10525394345,10525453960
622,0,10542372881,10542373259,0,57520,10542337588,10542388221
623,0,10559322034,10559322332,0,59918,10559290990,10559339666
624,0,10576271186,10576271507,0,56416,10576235512,10576285256
625,0,10593220339,10593220640,0,58010,10593184373,10593236065
626,0,10610169492,10610181527,0,52931,10610145267,10610191864
627,0,10627118644,10627118916,0,53195,10627082451,10627129553
628,0,10644067797,10644068084,0,72578,10644031696,10644097960
629,0,10661016949,10661017634,0,76926,10660989234,10661051597
630,0,10677966102,10677967177,0,98124,10677939752,10678022530
631,0,10694915254,10694915999,0,102233,10694893281,10694975154
632,0,10711864407,10711864904,0,70218,10711834892,10711892500
633,0,10728813559,10728813886,0,57210,10728778092,10728828440
634,0,10745762712,10745763004,0,56219,10745726682,10745776638
635,0,10762711864,10762712172,0,54648,10762675938,10762724252
636,0,10779661017,10779661320,0,54320,10779624972,10779673106
637,0,10796610169,10796610547,0,57253,10796574776,10796625190
638,0,10813559322,10813559625,0,81210,10813523418,10813598161
639,0,10830508475,10830508755,0,102398,10830472276,10830568567
640,0,10847457627,10847457934,0,86329,10847421504,10847501560
641,0,10864406780,10864407065,0,84784,10864370634,10864435145
642,0,10881355932,10881356226,0,70263,10881319802,10881383815
643,0,10898305085,10898305385,0,87016,10898269082,10898349788
644,0,10915254237,10915254552,0,86034,10915218108,10915297642
645,0,10932203390,10932203710,0,86395,10932167436,10932247421
646,0,10949152542,10949152895,0,71492,10949116552,10949181694
647,0,10966101695,10966105077,0,55939,10966069045,10966118458
648,0,10983050847,10983051133,0,54272,10983014701,10983062890
649,0,11000000000,11000000292,0,55256,10999964509,11000012945
650,0,11016949153,11016949432,0,73621,11016913034,11016980377
651,0,11033898305,11033898607,0,53393,11033862095,11033909401
652,0,11050847458,11050847782,0,52995,11050811426,11050858202
653,0,11067796610,11067796894,0,52936,11067760469,11067807227
654,0,11084745763,11084746059,0,53035,11084709620,11084756478
655,0,11101694915,11101695194,0,102682,11101659336,11101755106
656,0,11118644068,11118644386,0,72502,11118607925,11118674201
657,0,11135593220,11135593560,0,57367,11135557735,11135608283
658,0,11152542373,11152542971,0,80062,11152517068,11152580213
659,0,11169491525,11169492023,0,76504,11169464892,11169525723
660,0,11186440678,11186441426,0,82588,11186415415,11186481003
661,0,11203389831,11203390676,0,89617,11203369392,11203437384
662,0,11220338983,11220339660,0,81544,11220314662,11220378330
663,0,11237288136,11237288668,0,72930,11237258984,11237318917
664,0,11254237288,11254237587,0,56129,11254201304,11254251173
665,0,11271186441,11271186755,0,54840,11271150522,11271199000
666,0,11288135593,11288135926,0,54849,11288099626,11288148250
667,0,11305084746,11305085600,0,97707,11305050328,11305140415
668,0,11322033898,11322034189,0,75051,11321997872,11322066642
669,0,11338983051,11338983331,0,53462,11338946853,11338994209
670,0,11355932203,11355932500,0,102381,11355896076,11355992061
671,0,11372881356,11372881667,0,52749,11372845224,11372891778
672,0,11389830508,11389830794,0,54617,11389794360,11389840725
673,0,11406779661,11406780251,0,90230,11406751001,11406827606
674,0,11423728814,11423729228,0,64734,11423694960,11423751208
675,0,11440677966,11440678237,0,63906,11440644348,11440699454
676,0,11457627119,11457627809,0,71529,11457597166,11457656398
677,0,11474576271,11474576624,0,61428,11474541766,11474595401
678,0,11491525424,11491525747,0,58150,11491489797,11491541195
679,0,11508474576,11508474863,0,88875,11508438618,11508521115
680,0,11525423729,11525424106,0,68212,11525393117,11525449687
681,0,11542372881,11542373158,0,74495,11542337551,11542404917
682,0,11559322034,11559322318,0,85048,11559285922,11559364794
683,0,11576271186,11576271486,0,85396,11576235048,11576300261
684,0,11593220339,11593220624,0,71803,11593184148,11593249767
685,0,11610169492,11610169801,0,85046,11610133404,11610212222
686,0,11627118644,11627118949,0,88204,11627083148,11627164525
687,0,11644067797,11644068097,0,85954,11644031710,11644111517
688,0,11661016949,11661017230,0,73349,11660980793,11661048051
689,0,11677966102,11677966376,0,88835,11677934500,11678012658
690,0,11694915254,11694915544,0,70410,11694879103,11694943248
691,0,11711864407,11711864688,0,70737,11711828245,11711892759
692,0,11728813559,11728814177,0,74082,11728784363,11728845332
693,0,11745762712,11745763239,0,79308,11745735983,11745799869
694,0,11762711864,11762712454,0,80941,11762686270,11762750682
695,0,11779661017,11779661488,0,103111,11779631398,11779721510
696,0,11796610169,11796610470,0,102679,11796574140,11796670528
697,0,11813559322,11813559610,0,55898,11813523328,11813572960
698,0,11830508475,11830508826,0,60592,11830474086,11830526834
699,0,11847457627,11847457920,0,56121,11847421646,11847471460
700,0,11864406780,11864407104,0,55502,11864371000,11864420108
701,0,11881355932,11881356226,0,54739,11881319872,11881368358
702,0,11898305085,11898305350,0,56596,11898271069,11898319360
703,0,11915254237,11915254528,0,53683,11915218387,11915265617
704,0,11932203390,11932203704,0,57974,11932170894,11932219073
705,0,11949152542,11949167481,0,54766,11949131430,11949179663
706,0,11966101695,11966102013,0,72086,11966065525,11966131415
707,0,11983050847,11983051109,0,72338,11983014590,11983080810
708,0,12000000000,12000000309,0,52626,11999963832,12000010392
709,0,12016949153,12016949469,0,52843,12016912972,12016959703
710,0,12033898305,12033898574,0,53915,12033862272,12033909922
711,0,12050847458,12050847757,0,85009,12050811280,12050889822
712,0,12067796610,12067796904,0,69888,12067760476,12067824146
713,0,12084745763,12085490574,0,101534,12085455291,12085549528
714,0,12101694915,12101695197,0,84229,12101658769,12101722961
715,0,12118644068,12118644356,0,71022,12118607962,12118672740
716,0,12135593220,12135593527,0,101153,12135557099,12135651985
717,0,12152542373,12152542662,0,70324,12152506340,12152570247
718,0,12169491525,12169491823,0,70335,12169455304,12169519486
719,0,12186440678,12186440978,0,55470,12186404772,12186453840
720,0,12203389831,12203390458,0,80630,12203364223,12203428365
721,0,12220338983,12220339908,0,78569,12220312043,12220375681
722,0,12237288136,12237288673,0,120502,12237259313,12237366413
723,0,12254237288,12254237644,0,88031,12254201410,12254283133
724,0,12271186441,12271186715,0,71175,12271150291,12271215191
725,0,12288135593,12288135895,0,85019,12288099478,12288178215
726,0,12305084746,12305085386,0,80568,12305058299,12305123235
727,0,12322033898,12322034188,0,73257,12321997927,12322064802
728,0,12338983051,12338983348,0,100380,12338946818,12339025033
729,0,12355932203,12355932520,0,60020,12355897574,12355949973
730,0,12372881356,12372881643,0,74388,12372845377,12372913312
731,0,12389830508,12389830795,0,70475,12389794481,12389858565
732,0,12406779661,12406779955,0,70209,12406743566,12406807462
733,0,12423728814,12423729105,0,69853,12423692677,12423756334
734,0,12440677966,12440678242,0,53074,12440641789,12440688720
735,0,12457627119,12457627717,0,54112,12457591483,12457639231
736,0,12474576271,12474576550,0,53090,12474540140,12474587048
737,0,12491525424,12491525694,0,52487,12491489302,12491535601
738,0,12508474576,12508474872,0,53221,12508438449,12508485471
739,0,12525423729,12525424002,0,70692,12525387579,12525452028
740,0,12542372881,12542373541,0,85163,12542348615,12542415596
741,0,12559322034,12559322649,0,85865,12559299196,12559365792
742,0,12576271186,12576271842,0,61777,12576237025,12576291016
743,0,12593220339,12593220964,0,73847,12593191955,12593251999
744,0,12610169492,12610169801,0,62862,12610135320,12610189805
745,0,12627118644,12627118968,0,67850,12627086642,12627144023
746,0,12644067797,12644068111,0,59799,12644032230,12644085174
747,0,12661016949,12661017386,0,95106,12660986217,12661046447
748,0,12677966102,12677966455,0,78851,12677931349,12678002612
749,0,12694915254,12694915562,0,54341,12694879149,12694927332
750,0,12711864407,12711864715,0,103178,12711828343,12711925249
751,0,12728813559,12728813860,0,72768,12728777411,12728843937
752,0,12745762712,12745763007,0,70016,12745726494,12745790353
753,0,12762711864,12762712227,0,55806,12762676166,12762725431
754,0,12779661017,12779661313,0,85259,12779624848,12779704002
755,0,12796610169,12796610433,0,53690,12796573965,12796621522
756,0,12813559322,12813559592,0,53084,12813523083,12813570091
757,0,12830508475,12830508838,0,61315,12830474369,12830527492
758,0,12847457627,12847458241,0,80790,12847432452,12847496243
759,0,12864406780,12864407766,0,101459,12864399621,12864466356
760,0,12881355932,12881356559,0,107526,12881332966,12881416521
761,0,12898305085,12898305627,0,122343,12898276622,12898385253
762,0,12915254237,12915254558,0,58625,12915218669,12915270585
763,0,12932203390,12932203696,0,55729,12932167299,12932216810
764,0,12949152542,12949152836,0,56061,12949116813,12949166343
765,0,12966101695,12966101980,0,55837,12966065640,12966115190
766,0,12983050847,12983051191,0,65429,12983017009,12983073729
767,0,13000000000,13000000312,0,56969,12999964061,13000014707
768,0,13016949153,13016949420,0,53122,13016912988,13016959979
769,0,13033898305,13033898586,0,102338,13033862201,13033958279
770,0,13050847458,13050847728,0,70601,13050811279,13050875735
771,0,13067796610,13067796909,0,52354,13067760447,13067806684
772,0,13084745763,13084746072,0,57256,13084710394,13084760764
773,0,13101694915,13101695218,0,53584,13101658825,13101706196
774,0,13118644068,13118644352,0,52718,13118607871,13118654469
775,0,13135593220,13135593510,0,53804,13135557072,13135604725
776,0,13152542373,13152542689,0,52309,13152506175,13152552491
777,0,13169491525,13169491848,0,52943,13169455387,13169502281
778,0,13186440678,13186440943,0,55616,13186404920,13186453986
779,0,13203389831,13203390123,0,53282,13203353726,13203400875
780,0,13220338983,13220339274,0,52223,13220302831,13220348859
781,0,13237288136,13237288425,0,55832,13237252304,13237301646
782,0,13254237288,13254237874,0,79183,13254211133,13254274311
783,0,13271186441,13271187041,0,77639,13271159506,13271222053
784,0,13288135593,13288136606,0,124206,13288124967,13288218076
785,0,13305084746,13305085429,0,104164,13305065355,13305146895
786,0,13322033898,13322034171,0,72802,13321997821,13322064245
787,0,13338983051,13338983359,0,70463,13338946813,13339011168
788,0,13355932203,13355932503,0,68805,13355895963,13355958523
789,0,13372881356,13372881635,0,52895,13372845258,13372891958
790,0,13389830508,13389830794,0,73459,13389794750,13389861613
791,0,13406779661,13406779967,0,53783,13406743789,13406791166
792,0,13423728814,13423729118,0,55916,13423694686,13423742417
793,0,13440677966,13440678256,0,55341,13440642036,13440691030
794,0,13457627119,13457627429,0,71083,13457591079,13457655811
795,0,13474576271,13474576580,0,70377,13474539987,13474604332
796,0,13491525424,13491525743,0,87603,13491489737,13491554119
797,0,13508474576,13508474878,0,53527,13508438507,13508485771
798,0,13525423729,13525424036,0,53607,13525387543,13525435031
799,0,13542372881,13542373141,0,52607,13542336592,13542383200
800,0,13559322034,13559322347,0,53021,13559285885,13559332795
801,0,13576271186,13576271477,0,52406,13576235060,13576281327
802,0,13593220339,13593220636,0,56097,13593184357,13593234099
803,0,13610169492,13610169807,0,85224,13610133287,13610212394
804,0,13627118644,13627118941,0,85335,13627082730,13627161531
805,0,13644067797,13644068299,0,81067,13644044498,13644106533
806,0,13661016949,13661017602,0,78972,13660990193,13661053909
807,0,13677966102,13677966975,0,105214,13677944380,13678029285
808,0,13694915254,13694915908,0,130129,13694890799,13694986976
809,0,13711864407,13711865057,0,75345,13711836645,13711897566
810,0,13728813559,13728814208,0,78569,13728786331,13728849865
811,0,13745762712,13745776023,0,113551,13745742195,13745846644
812,0,13762711864,13762712173,0,67426,13762680097,13762736910
813,0,13779661017,13779661287,0,57832,13779625426,13779676485
814,0,13796610169,13796610434,0,58986,13796575052,13796626829
815,0,13813559322,13813559775,0,69286,13813528620,13813586458
816,0,13830508475,13830508769,0,57160,13830472556,13830523314
817,0,13847457627,13847457931,0,55943,13847421778,13847471302
818,0,13864406780,13864407063,0,54573,13864370681,13864419054
819,0,13881355932,13881356229,0,58942,13881324449,13881372569
820,0,13898305085,13898305385,0,54903,13898269081,13898317719
821,0,13915254237,13915254524,0,54128,13915218186,13915266063
822,0,13932203390,13932203697,0,53188,13932167185,13932214240
823,0,13949152542,13949152810,0,53279,13949116354,13949163494
824,0,13966101695,13966101989,0,52700,13966065734,13966112132
825,0,13983050847,13983051177,0,55680,13983014862,13983064341
826,0,14000000000,14000000552,0,76320,13999972674,14000034225
827,0,14016949153,14016949964,0,89508,14016931571,14016996486
828,0,14033898305,14033898964,0,81937,14033872549,14033938203
829,0,14050847458,14050848098,0,104159,14050818611,14050909406
830,0,14067796610,14067796977,0,101545,14067760492,14067855862
831,0,14084745763,14084746068,0,54920,14084709778,14084758474
832,0,14101694915,14101695203,0,54137,14101658681,14101706731
833,0,14118644068,14118644373,0,55155,14118608053,14118656955
834,0,14135593220,14135593512,0,54702,14135557371,14135605619
835,0,14152542373,14152542671,0,55085,14152506539,14152555134
836,0,14169491525,14169491825,0,53878,14169455282,14169503107
837,0,14186440678,14186440983,0,54850,14186404856,14186453248
838,0,14203389831,14203390120,0,54675,14203353953,14203402171
839,0,14220338983,14220339319,0,56117,14220303325,14220352880
840,0,14237288136,14237288437,0,53638,14237252072,14237299545
841,0,14254237288,14254237624,0,55232,14254201513,14254250250
842,0,14271186441,14271187175,0,78752,14271160442,14271222924
843,0,14288135593,14288136241,0,86797,14288115427,14288179902
844,0,14305084746,14305085616,0,88924,14305056987,14305131770
845,0,14322033898,14322034352,0,80478,14321999637,14322072046
846,0,14338983051,14338983362,0,56810,14338947028,14338997541
847,0,14355932203,14355932492,0,102623,14355896037,14355992183
848,0,14372881356,14372881665,0,55548,14372845432,14372894599
849,0,14389830508,14389830800,0,70057,14389794455,14389858258
850,0,14406779661,14406779945,0,70041,14406743488,14406807297
851,0,14423728814,14423729119,0,84337,14423692686,14423770749
852,0,14440677966,14440678252,0,53716,14440642027,14440689399
853,0,14457627119,14457627442,0,53134,14457591023,14457637991
854,0,14474576271,14474576561,0,52327,14474540068,14474586283
855,0,14491525424,14491525725,0,52137,14491489222,14491535328
856,0,14508474576,14508474866,0,52355,14508438432,14508484637
857,0,14525423729,14525424189,0,78921,14525390996,14525460393
858,0,14542372881,14542373258,0,54525,14542336875,14542385199
859,0,14559322034,14559322349,0,52993,14559285894,14559332797
860,0,14576271186,14576271474,0,73531,14576235113,14576282488
861,0,14593220339,14593220646,0,52939,14593184195,14593231005
862,0,14610169492,14610169793,0,55379,14610133593,14610182513
863,0,14627118644,14627119597,0,152631,14627097492,14627228974
864,0,14644067797,14644068734,0,110273,14644048285,14644135770
865,0,14661016949,14661017584,0,103829,14660991750,14661078579
866,0,14677966102,14677966512,0,74957,14677930908,14677998837
867,0,14694915254,14694915516,0,71473,14694879144,14694944332
868,0,14711864407,14711864726,0,56365,14711828470,14711878510
869,0,14728813559,14728813873,0,55714,14728777648,14728827009
870,0,14745762712,14745763118,0,71073,14745733487,14745791310
871,0,14762711864,14762712185,0,58745,14762676611,14762728328
872,0,14779661017,14779661346,0,55938,14779625155,14779674664
873,0,14796610169,14796610507,0,56194,14796574305,14796624126
874,0,14813559322,14813559610,0,58885,14813524604,14813575889
875,0,14830508475,14830508840,0,60678,14830473924,14830526809
876,0,14847457627,14847458252,0,80690,14847431655,14847496004
877,0,14864406780,14864407387,0,74779,14864379047,14864439060
878,0,14881355932,14881356339,0,66769,14881323548,14881380372
879,0,14898305085,14898305456,0,60505,14898269493,14898323258
880,0,14915254237,14915254517,0,58061,14915218251,14915269968
881,0,14932203390,14932203722,0,59110,14932168555,14932220253
882,0,14949152542,14949153012,0,70578,14949122297,14949180923
883,0,14966101695,14966101975,0,58260,14966066070,14966117620
884,0,14983050847,14983051155,0,57618,14983014999,14983066259
885,0,15000000000,15000000308,0,54522,14999964293,15000012235
886,0,15016949153,15016949732,0,68144,15016917740,15016975284
887,0,15033898305,15033899006,0,78075,15033871359,15033934219
888,0,15050847458,15050848049,0,101569,15050824144,15050906641
889,0,15067796610,15067797321,0,131693,15067773796,15067885982
890,0,15084745763,15084746154,0,59517,15084710330,15084763029
891,0,15101694915,15101695206,0,71625,15101658823,15101724032
892,0,15118644068,15118644378,0,56049,15118608210,15118657859
893,0,15135593220,15135593548,0,54192,15135557441,15135605164
894,0,15152542373,15152542668,0,57736,15152508821,15152557857
895,0,15169491525,15169491841,0,58894,15169455922,15169508127
896,0,15186440678,15186440977,0,58957,15186408865,15186457331
897,0,15203389831,15203390140,0,54130,15203353795,15203401680
898,0,15220338983,15220339288,0,53444,15220302906,15220350141
899,0,15237288136,15237288427,0,52330,15237252019,15237298177
900,0,15254237288,15254237601,0,53821,15254201160,15254248823
901,0,15271186441,15271186748,0,52956,15271150313,15271197149
902,0,15288135593,15288135889,0,66799,15288113145,15288160086
903,0,15305084746,15305085308,0,52709,15305049083,15305095477
904,0,15322033898,15322034175,0,54554,15321997745,15322046174
905,0,15338983051,15338983375,0,52599,15338946991,15338993395
906,0,15355932203,15355932492,0,52360,15355896157,15355942347
907,0,15372881356,15372881650,0,72911,15372845177,15372911917
908,0,15389830508,15389830803,0,71465,15389794371,15389859604
909,0,15406779661,15406779980,0,70606,15406743585,15406807896
910,0,15423728814,15423729085,0,70420,15423692593,15423756840
911,0,15440677966,15440678249,0,87146,15440643917,15440722748
912,0,15457627119,15457627443,0,70627,15457591055,15457655416
913,0,15474576271,15474576601,0,104917,15474541239,15474638735
914,0,15491525424,15491525732,0,59176,15491490040,15491542237
915,0,15508474576,15508475290,0,77623,15508448183,15508509858
916,0,15525423729,15525424297,0,81885,15525397922,15525463483
917,0,15542372881,15542373509,0,107142,15542345642,15542437927
918,0,15559322034,15559322419,0,72487,15559286213,15559352262
919,0,15576271186,15576271510,0,111153,15576239090,15576339884
920,0,15593220339,15593220659,0,87702,15593184413,15593265650
921,0,15610169492,15610169772,0,70976,15610133354,15610198070
922,0,15627118644,15627118922,0,71026,15627082701,15627147301
923,0,15644067797,15644068111,0,76791,15644031676,15644102224
924,0,15661016949,15661017252,0,52501,15660980782,15661027215
925,0,15677966102,15677966409,0,57907,15677930248,15677981703
926,0,15694915254,15694915573,0,71730,15694879210,15694944632
927,0,15711864407,15711864717,0,86463,15711828265,15711908544
928,0,15728813559,15728813836,0,71058,15728777415,15728842169
929,0,15745762712,15745762996,0,101695,15745726731,15745821747
930,0,15762711864,15762712173,0,52640,15762675711,15762722239
931,0,15779661017,15779661334,0,54545,15779625097,15779673273
932,0,15796610169,15796610460,0,100835,15796574064,15796653086
933,0,15813559322,15813559604,0,52891,15813523256,15813569844
934,0,15830508475,15830508757,0,53038,15830472355,15830519215
935,0,15847457627,15847457931,0,84840,15847421403,15847500156
936,0,15864406780,15864407080,0,52907,15864370640,15864417393
937,0,15881355932,15881356225,0,52579,15881319819,15881366240
938,0,15898305085,15898305367,0,55265,15898269282,15898317989
939,0,15915254237,15915254534,0,53755,15915218147,15915265660
940,0,15932203390,15932203705,0,52820,15932167361,15932213916
941,0,15949152542,15949152915,0,61763,15949118320,15949172038
942,0,15966101695,15966102514,0,138503,15966080539,15966197874
943,0,15983050847,15983051674,0,109197,15983045561,15983117842
944,0,16000000000,16000000981,0,93930,15999981123,16000052010
945,0,16016949153,16016949972,0,93671,16016929440,16017000547
946,0,16033898305,16033898831,0,72977,16033869314,16033929011
947,0,16050847458,16050847836,0,58921,16050811916,16050864065
948,0,16067796610,16067796941,0,57470,16067761118,16067811739
949,0,16084745763,16084746152,0,71775,16084715611,16084775084
950,0,16101694915,16101695230,0,60681,16101659869,16101713256
951,0,16118644068,16118644388,0,57765,16118608175,16118659474
952,0,16135593220,16135593513,0,55552,16135557311,16135606517
953,0,16152542373,16152542679,0,55554,16152506359,16152555647
954,0,16169491525,16169491824,0,54466,16169455539,16169503682
955,0,16186440678,16186440971,0,54251,16186404730,16186452638
956,0,16203389831,16203390151,0,54341,16203354031,16203401924
957,0,16220338983,16220339274,0,53208,16220302847,16220349870
958,0,16237288136,16237288424,0,52361,16237252004,16237298226
959,0,16254237288,16254237587,0,57598,16254205895,16254252623
960,0,16271186441,16271186743,0,52134,16271150126,16271196299
961,0,16288135593,16288135874,0,85079,16288099880,16288178302
962,0,16305084746,16305085292,0,104168,16305049009,16305146819
963,0,16322033898,16322034181,0,73730,16321997718,16322065233
964,0,16338983051,16338983361,0,85211,16338946915,16339025692
965,0,16355932203,16355932461,0,52853,16355896020,16355942764
966,0,16372881356,16372881640,0,52419,16372845134,16372891418
967,0,16389830508,16389830831,0,54490,16389794787,16389842709
968,0,16406779661,16406780045,0,60163,16406745258,16406797540
969,0,16423728814,16423729532,0,88208,16423710733,16423774813
970,0,16440677966,16440678656,0,80523,16440652926,16440716384
971,0,16457627119,16457627781,0,75098,16457598879,16457660184
972,0,16474576271,16474576632,0,104532,16474540282,16474620324
973,0,16491525424,16491525724,0,54822,16491489428,16491537915
974,0,16508474576,16508474886,0,58358,16508439056,16508490658
975,0,16525423729,16525424032,0,57582,16525388306,16525439008
976,0,16542372881,16542373192,0,55257,16542337072,16542385810
977,0,16559322034,16559322319,0,54665,16559286039,16559334400
978,0,16576271186,16576271489,0,53957,16576235171,16576282877
979,0,16593220339,16593220677,0,54695,16593184412,16593232780
980,0,16610169492,16610169779,0,53016,16610133365,16610180259
981,0,16627118644,16627119629,0,87337,16627084153,16627164194
982,0,16644067797,16644068080,0,87603,16644031691,16644112999
983,0,16661016949,16661017210,0,86536,16660980773,16661061060
984,0,16677966102,16677966419,0,57309,16677930324,16677981099
985,0,16694915254,16694915549,0,100937,16694879235,16694958018
986,0,16711864407,16711864684,0,70114,16711828192,16711892124
987,0,16728813559,16728814042,0,75326,16728788301,16728846659
988,0,16745762712,16745763550,0,79061,16745736449,16745799869
989,0,16762711864,16762712522,0,82029,16762687728,16762751749
990,0,16779661017,16779661530,0,120713,16779632462,16779739443
991,0,16796610169,16796610459,0,85585,16796574144,16796653375
992,0,16813559322,16813559659,0,55330,16813523376,16813572418
993,0,16830508475,16830508810,0,64657,16830475293,16830530733
994,0,16847457627,16847457923,0,56751,16847421736,16847472066
995,0,16864406780,16864407081,0,55646,16864370937,16864420203
996,0,16881355932,16881356192,0,54687,16881319824,16881368301
997,0,16898305085,16898305359,0,55070,16898269095,16898317818
998,0,16915254237,16915254525,0,52411,16915218090,16915264329
999,0,16932203390,16932203682,0,102904,16932167668,16932263884
1000,0,16949152542,16949153532,0,71470,16949117325,16949182334
1001,0,16966101695,16966101999,0,69785,16966065612,16966129170
1002,0,16983050847,16983051150,0,72143,16983014717,16983080597
1003,0,17000000000,17000000320,0,86811,16999963947,17000044311
1004,0,17016949153,17016949437,0,53223,17016913044,17016960098
1005,0,17033898305,17033898687,0,61018,17033864372,17033916944
1006,0,17050847458,17050847753,0,101349,17050811336,17050906215
1007,0,17067796610,17067796897,0,84580,17067760547,17067825257
1008,0,17084745763,17084746149,0,93952,17084717613,17084797303
1009,0,17101694915,17101695799,0,140586,17101675749,17101793255
1010,0,17118644068,17118645042,0,143490,17118625297,17118745362
1011,0,17135593220,17135594077,0,94249,17135575598,17135645409
1012,0,17152542373,17152543029,0,79093,17152517106,17152579120
1013,0,17169491525,17169491911,0,63373,17169457548,17169512586
1014,0,17186440678,17186440984,0,58214,17186405147,17186456519
1015,0,17203389831,17203390103,0,57232,17203354009,17203404721
1016,0,17220338983,17220339379,0,59795,17220304478,17220356575
1017,0,17237288136,17237288436,0,56104,17237252183,17237301921
1018,0,17254237288,17254237602,0,56882,17254201697,17254251902
1019,0,17271186441,17271186730,0,54703,17271150658,17271198792
1020,0,17288135593,17288135916,0,54721,17288099638,17288148040
1021,0,17305084746,17305085661,0,54018,17305049527,17305097109
1022,0,17322033898,17322034201,0,54100,17321997748,17322045762
1023,0,17338983051,17338983352,0,72763,17338947012,17339013465
1024,0,17355932203,17355932479,0,53280,17355896306,17355943144
1025,0,17372881356,17372881636,0,72298,17372845207,17372911305
1026,0,17389830508,17389830778,0,71211,17389794467,17389859313
1027,0,17406779661,17406780362,0,82676,17406754510,17406820179
1028,0,17423728814,17423729304,0,107704,17423700105,17423780146
1029,0,17440677966,17440678594,0,79847,17440652228,17440715649
1030,0,17457627119,17457627841,0,130154,17457603585,17457715145
1031,0,17474576271,17474576666,0,103169,17474540383,17474621016
1032,0,17491525424,17491535483,0,54404,17491499383,17491547307
1033,0,17508474576,17508474860,0,54446,17508438479,17508486761
1034,0,17525423729,17525424022,0,54171,17525387804,17525435596
1035,0,17542372881,17542373172,0,54951,17542337012,17542385547
1036,0,17559322034,17559322358,0,60538,17559287510,17559340243
1037,0,17576271186,17576271488,0,54928,17576235221,17576283859
1038,0,17593220339,17593220645,0,55743,17593184471,17593233825
1039,0,17610169492,17610169764,0,71225,17610133456,17610198329
1040,0,17627118644,17627118917,0,85355,17627082486,17627161596
1041,0,17644067797,17644068111,0,71508,17644031724,17644097031
1042,0,17661016949,17661017315,0,75172,17660982109,17661049837
1043,0,17677966102,17677966392,0,68913,17677930011,17677992635
1044,0,17694915254,17694915543,0,85341,17694879147,17694958210
1045,0,17711864407,17711864708,0,56639,17711828576,17711878707
1046,0,17728813559,17728813852,0,58349,17728781867,17728829619
1047,0,17745762712,17745763168,0,64667,17745730584,17745785178
1048,0,17762711864,17762712747,0,139002,17762691864,17762808548
1049,0,17779661017,17779661803,0,89225,17779640527,17779707833
1050,0,17796610169,17796610691,0,104710,17796582503,17796672660
1051,0,17813559322,17813559604,0,58745,17813523433,17813575785
1052,0,17830508475,17830508755,0,55848,17830472422,17830521990
1053,0,17847457627,17847457936,0,54539,17847421800,17847469871
1054,0,17864406780,17864407099,0,58624,17864371308,17864423189
1055,0,17881355932,17881356238,0,59295,17881321063,17881372871
1056,0,17898305085,17898305411,0,55235,17898269268,17898318055
1057,0,17915254237,17915254525,0,54725,17915218052,17915266664
1058,0,17932203390,17932203695,0,53286,17932167318,17932214390
1059,0,17949152542,17949152839,0,53369,17949116434,17949163599
1060,0,17966101695,17966101981,0,52856,17966065506,17966112262
1061,0,17983050847,17983051139,0,79819,17983016091,17983088196
1062,0,18000000000,18000000303,0,74369,17999964077,18000031908
1063,0,18016949153,18016949453,0,52685,18016913085,18016959587
1064,0,18033898305,18033898602,0,53282,18033862235,18033909291
1065,0,18050847458,18050847739,0,53126,18050811360,18050858318
1066,0,18067796610,18067807638,0,53500,18067771515,18067818555
1067,0,18084745763,18084746084,0,53608,18084709817,18084757113
1068,0,18101694915,18101695192,0,53012,18101658846,18101705542
1069,0,18118644068,18118644846,0,79365,18118616737,18118681377
1070,0,18135593220,18135593878,0,79696,18135566493,18135630712
1071,0,18152542373,18152543000,0,82753,18152517832,18152582655
1072,0,18169491525,18169492034,0,83219,18169460079,18169532535
1073,0,18186440678,18186441076,0,101774,18186404728,18186500272
1074,0,18203389831,18203390142,0,53609,18203353741,18203401154
1075,0,18220338983,18220339283,0,54093,18220302909,18220350758
1076,0,18237288136,18237288749,0,68683,18237257701,18237314541
1077,0,18254237288,18254237952,0,85130,18254212928,18254280189
1078,0,18271186441,18271186902,0,63777,18271152458,18271208026
1079,0,18288135593,18288136118,0,94190,18288123010,18288187343
1080,0,18305084746,18305085622,0,96790,18305070049,18305139626
1081,0,18322033898,18322034645,0,94216,18322005379,18322085582
1082,0,18338983051,18338983813,0,119869,18338960022,18339060783
1083,0,18355932203,18355933257,0,104799,18355908558,18355995029
1084,0,18372881356,18372882198,0,84669,18372858181,18372924086
1085,0,18389830508,18389830907,0,78531,18389796477,18389866634
1086,0,18406779661,18406779958,0,57252,18406743995,18406794567
1087,0,18423728814,18423729092,0,56831,18423692896,18423743333
1088,0,18440677966,18440678256,0,55629,18440642027,18440691267
1089,0,18457627119,18457627396,0,56212,18457591137,18457641004
1090,0,18474576271,18474576590,0,56602,18474540368,18474590560
1091,0,18491525424,18491525730,0,60567,18491490856,18491543587
1092,0,18508474576,18508474881,0,56132,18508439046,18508488374
1093,0,18525423729,18525424035,0,53435,18525387684,18525434839
1094,0,18542372881,18542373200,0,101471,18542336980,18542416293
1095,0,18559322034,18559322366,0,85375,18559285963,18559365075
1096,0,18576271186,18576271876,0,83382,18576250066,18576312574
1097,0,18593220339,18593221113,0,103153,18593197862,18593281300
1098,0,18610169492,18610170247,0,86768,18610147253,18610214095
1099,0,18627118644,18627119114,0,73555,18627090283,18627149910
1100,0,18644067797,18644068109,0,61466,18644032001,18644083250
1101,0,18661016949,18661017286,0,55199,18660981115,18661029858
1102,0,18677966102,18677966424,0,56262,18677930441,18677980160
1103,0,18694915254,18694915558,0,54439,18694879269,18694927426
1104,0,18711864407,18711864794,0,77171,18711831622,18711899085
1105,0,18728813559,18728813847,0,73367,18728777578,18728844473
1106,0,18745762712,18745763030,0,71853,18745726652,18745792228
1107,0,18762711864,18762712171,0,52949,18762675706,18762722526
1108,0,18779661017,18779661332,0,54167,18779624928,18779672893
1109,0,18796610169,18796610477,0,84974,18796574017,18796652922
1110,0,18813559322,18813559647,0,59526,18813524298,18813576556
1111,0,18830508475,18830509042,0,112098,18830483025,18830578385
1112,0,18847457627,18847458215,0,97560,18847432019,18847513064
1113,0,18864406780,18864407301,0,76066,18864379871,18864440646
1114,0,18881355932,18881356274,0,88585,18881320026,18881402071
1115,0,18898305085,18898305389,0,71192,18898269096,18898333936
1116,0,18915254237,18915254555,0,60998,18915219313,18915272871
1117,0,18932203390,18932203687,0,55933,18932167682,18932217026
1118,0,18949152542,18949152833,0,55166,18949116604,18949165382
1119,0,18966101695,18966102021,0,54355,18966065876,18966113800
1120,0,18983050847,18983051124,0,57273,18983014789,18983065878
1121,0,19000000000,19000000297,0,54873,18999964186,19000012549
1122,0,19016949153,19016949461,0,72525,19016913962,19016963715
1123,0,19033898305,19033898596,0,54084,19033862224,19033910120
1124,0,19050847458,19050848165,0,79936,19050821776,19050885234
1125,0,19067796610,19067797115,0,99334,19067768881,19067853628
1126,0,19084745763,19084746371,0,79155,19084719310,19084782827
1127,0,19101694915,19101695322,0,103617,19101659196,19101756302
1128,0,19118644068,19118644451,0,58893,19118609200,19118660762
1129,0,19135593220,19135593522,0,55829,19135557396,19135606722
1130,0,19152542373,19152542670,0,54800,19152506630,19152554838
1131,0,19169491525,19169491822,0,54665,19169455586,19169503899
1132,0,19186440678,19186441006,0,53762,19186404790,19186452245
1133,0,19203389831,19203390105,0,56823,19203354805,19203404318
1134,0,19220338983,19220339286,0,53998,19220302949,19220350690
1135,0,19237288136,19237288451,0,54607,19237252030,19237300480
1136,0,19254237288,19254237582,0,64878,19254213253,19254259882
1137,0,19271186441,19271186774,0,53127,19271150358,19271197256
1138,0,19288135593,19288135909,0,52496,19288099514,19288145830
1139,0,19305084746,19305085346,0,52605,19305049177,19305095397
1140,0,19322033898,19322034195,0,54644,19321997756,19322046297
1141,0,19338983051,19338983348,0,56618,19338950658,19338997406
1142,0,19355932203,19355932494,0,53461,19355896097,19355943392
1143,0,19372881356,19372881687,0,55803,19372845579,19372894913
1144,0,19389830508,19389831019,0,62553,19389796206,19389850940
1145,0,19406779661,19406779990,0,59790,19406744653,19406797205
1146,0,19423728814,19423729700,0,135771,19423707118,19423822382
1147,0,19440677966,19440678515,0,92343,19440646018,19440727676
1148,0,19457627119,19457627446,0,61955,19457591861,19457646804
1149,0,19474576271,19474576582,0,56089,19474540607,19474590081
1150,0,19491525424,19491525966,0,130493,19491500038,19491613243
1151,0,19508474576,19508476613,0,156260,19508477423,19508590010
1152,0,19525423729,19525424420,0,81690,19525399727,19525463330
1153,0,19542372881,19542373600,0,119815,19542349824,19542450475
1154,0,19559322034,19559322624,0,111657,19559296529,19559391318
1155,0,19576271186,19576271838,0,79289,19576245306,19576308011
1156,0,19593220339,19593220860,0,76071,19593192654,19593254272
1157,0,19610169492,19610169892,0,57712,19610133963,19610185008
1158,0,19627118644,19627118959,0,55902,19627082741,19627132262
1159,0,19644067797,19644068216,0,66239,19644034813,19644091771
1160,0,19661016949,19661017267,0,55604,19660981340,19661030281
1161,0,19677966102,19677966441,0,55568,19677930381,19677979383
1162,0,19694915254,19694915545,0,56528,19694879393,19694929450
1163,0,19711864407,19711864690,0,70490,19711828323,19711892598
1164,0,19728813559,19728813841,0,76401,19728781944,19728847630
1165,0,19745762712,19745763293,0,103378,19745727592,19745824054
1166,0,19762711864,19762712151,0,86552,19762675733,19762742027
1167,0,19779661017,19779661308,0,70202,19779624847,19779688850
1168,0,19796610169,19796610480,0,101556,19796574043,19796669067
1169,0,19813559322,19813559623,0,52906,19813523220,19813569936
1170,0,19830508475,19830508788,0,52368,19830472343,19830518582
1171,0,19847457627,19847457911,0,54192,19847421620,19847469491
1172,0,19864406780,19864407762,0,78049,19864380254,19864443013
1173,0,19881355932,19881356477,0,77016,19881329553,19881390764
1174,0,19898305085,19898305888,0,79006,19898279134,19898342167
1175,0,19915254237,19915254745,0,69271,19915222964,19915281263
1176,0,19932203390,19932203716,0,57415,19932168332,19932218548
1177,0,19949152542,19949152908,0,64391,19949119716,19949174686
1178,0,19966101695,19966101992,0,57380,19966066204,19966116774
1179,0,19983050847,19983051176,0,67761,19983014876,19983076366
1180,0,20000000000,20000000325,0,56044,19999964223,20000013718
1181,0,20016949153,20016949440,0,52569,20016913008,20016959454
1182,0,20033898305,20033898599,0,53893,20033862201,20033909871
1183,0,20050847458,20050847749,0,52442,20050811234,20050857624
1184,0,20067796610,20067796910,0,52382,20067760535,20067806698
1185,0,20084745763,20084746070,0,53465,20084709845,20084756921
1186,0,20101694915,20101695191,0,100310,20101658780,20101737101
1187,0,20118644068,20118644410,0,70545,20118608051,20118672397
1188,0,20135593220,20135593522,0,52452,20135557037,20135603361
1189,0,20152542373,20152542666,0,54807,20152506526,20152554878
1190,0,20169491525,20169491841,0,84932,20169455586,20169533938
1191,0,20186440678,20186440983,0,84302,20186404539,20186482630
1192,0,20203389831,20203390146,0,70467,20203353685,20203417918
1193,0,20220338983,20220339282,0,52584,20220302853,20220349331
1194,0,20237288136,20237288440,0,52413,20237252039,20237298293
1195,0,20254237288,20254237626,0,57679,20254204447,20254252703
1196,0,20271186441,20271186807,0,85896,20271150375,20271230074
1197,0,20288135593,20288135937,0,67642,20288113998,20288160953
1198,0,20305084746,20305086185,0,80079,20305059588,20305123363
1199,0,20322033898,20322034524,0,78949,20322007478,20322070892
1200,0,20338983051,20338983520,0,98798,20338957932,20339039507
1201,0,20355932203,20355933131,0,93136,20355913433,20355983158
1202,0,20372881356,20372882007,0,130099,20372856504,20372969190
1203,0,20389830508,20389830843,0,86715,20389794560,20389874865
1204,0,20406779661,20406779982,0,55002,20406743544,20406792421
1205,0,20423728814,20423729132,0,55592,20423693048,20423742115
1206,0,20440677966,20440678615,0,77570,20440652460,20440713110
1207,0,20457627119,20457627608,0,80564,20457601238,20457665255
1208,0,20474576271,20474577122,0,86448,20474554242,20474620638
1209,0,20491525424,20491525841,0,78782,20491501687,20491561751
1210,0,20508474576,20508475047,0,66921,20508442550,20508498982
1211,0,20525423729,20525424058,0,61782,20525389049,20525443112
1212,0,20542372881,20542373314,0,63501,20542338741,20542394039
1213,0,20559322034,20559322665,0,79491,20559296376,20559359260
1214,0,20576271186,20576271755,0,78343,20576244749,20576306737
1215,0,20593220339,20593220734,0,69036,20593188544,20593246900
1216,0,20610169492,20610169798,0,57210,20610133573,20610184434
1217,0,20627118644,20627118951,0,57815,20627083163,20627134095
1218,0,20644067797,20644068143,0,59681,20644031947,20644085206
1219,0,20661016949,20661017233,0,56029,20660981043,20661030658
1220,0,20677966102,20677966429,0,58661,20677931112,20677982524
1221,0,20694915254,20694915615,0,56164,20694879628,20694929166
1222,0,20711864407,20711864727,0,75592,20711832860,20711897609
1223,0,20728813559,20728813899,0,70574,20728777434,20728841768
1224,0,20745762712,20745763032,0,101647,20745726572,20745806219
1225,0,20762711864,20762712127,0,70482,20762675712,20762739966
1226,0,20779661017,20779661719,0,103149,20779639325,20779721956
1227,0,20796610169,20796610841,0,80000,20796584826,20796647773
1228,0,20813559322,20813559939,0,78735,20813532630,20813596028
1229,0,20830508475,20830509021,0,72641,20830478699,20830538938
1230,0,20847457627,20847457951,0,56841,20847422200,20847472178
1231,0,20864406780,20864407057,0,55202,20864370706,20864419638
1232,0,20881355932,20881356253,0,56801,20881320664,20881370458
1233,0,20898305085,20898305349,0,57469,20898269353,20898320170
1234,0,20915254237,20915254516,0,54047,20915218012,20915265960
1235,0,20932203390,20932203669,0,85734,20932167341,20932246732
1236,0,20949152542,20949152797,0,85825,20949116278,20949195958
1237,0,20966101695,20966101972,0,52802,20966065534,20966112252
1238,0,20983050847,20983051145,0,54210,20983014700,20983062808
1239,0,21000000000,21000000320,0,72926,20999965082,21000014490
1240,0,21016949153,21016949675,0,89260,21016919679,21016996056
1241,0,21033898305,21033898805,0,124662,21033870648,21033980702
1242,0,21050847458,21050848069,0,80984,21050821238,21050886255
1243,0,21067796610,21067797039,0,84823,21067765630,21067839226
1244,0,21084745763,21084746162,0,76085,21084709828,21084775734
1245,0,21101694915,21101695291,0,108602,21101660156,21101760876
1246,0,21118644068,21118644359,0,56524,21118608172,21118658300
1247,0,21135593220,21135593562,0,54935,21135557208,21135605975
1248,0,21152542373,21152542690,0,54512,21152506427,21152554636
1249,0,21169491525,21169491849,0,54882,21169455595,21169504157
1250,0,21186440678,21186440997,0,54272,21186404709,21186452674
1251,0,21203389831,21203390142,0,55669,21203353961,21203403188
1252,0,21220338983,21220339596,0,71218,21220309285,21220368054
1253,0,21237288136,21237288687,0,75808,21237260821,21237321686
1254,0,21254237288,21254237958,0,78079,21254210684,21254273085
1255,0,21271186441,21271187034,0,85279,21271155874,21271229573
1256,0,21288135593,21288135943,0,71646,21288099637,21288164958
1257,0,21305084746,21305085330,0,109258,21305049628,21305151888
1258,0,21322033898,21322034207,0,58619,21321997898,21322050263
1259,0,21338983051,21338983326,0,54266,21338947120,21338995063
1260,0,21355932203,21355932480,0,54764,21355896166,21355944630
1261,0,21372881356,21372881650,0,54890,21372845373,21372893975
1262,0,21389830508,21389830814,0,54179,21389794720,21389842379
1263,0,21406779661,21406779984,0,56335,21406743916,21406793696
1264,0,21423728814,21423729080,0,70686,21423692729,21423757114
1265,0,21440677966,21440678256,0,102061,21440641782,21440737618
1266,0,21457627119,21457627493,0,87315,21457591172,21457672052
1267,0,21474576271,21474576552,0,52802,21474540107,21474586774
1268,0,21491525424,21491525719,0,53481,21491489292,21491536657
1269,0,21508474576,21508474886,0,74057,21508439572,21508505965
1270,0,21525423729,21525424001,0,54017,21525387631,21525435441
1271,0,21542372881,21542373170,0,53124,21542336700,21542383707
1272,0,21559322034,21559322322,0,52440,21559285859,21559332204
1273,0,21576271186,21576271487,0,52434,21576235061,21576281345
1274,0,21593220339,21593220664,0,101271,21593184161,21593278982
1275,0,21610169492,21610169848,0,72421,21610133894,21610184026
1276,0,21627118644,21627118935,0,86195,21627082838,21627146311
1277,0,21644067797,21644068128,0,62596,21644033515,21644088048
1278,0,21661016949,21661017264,0,60132,21660981989,21661034696
1279,0,21677966102,21677966454,0,65994,21677933033,21677989648
1280,0,21694915254,21694915772,0,82640,21694894554,21694955668
1281,0,21711864407,21711864902,0,119744,21711833989,21711941793
1282,0,21728813559,21728814182,0,66623,21728781017,21728837991
1283,0,21745762712,21745762997,0,59653,21745727017,21745780054
1284,0,21762711864,21762712171,0,59367,21762676706,21762728617
1285,0,21779661017,21779661295,0,88483,21779625043,21779707119
1286,0,21796610169,21796610466,0,85018,21796574039,21796638818
1287,0,21813559322,21813559613,0,54592,21813523230,21813571690
1288,0,21830508475,21830508797,0,58089,21830472605,21830524349
1289,0,21847457627,21847457925,0,55062,21847421703,21847470350
1290,0,21864406780,21864407093,0,53936,21864370811,21864418453
1291,0,21881355932,21881356238,0,54165,21881319942,21881367837
1292,0,21898305085,21898305422,0,54657,21898269149,21898317473
1293,0,21915254237,21915254797,0,74876,21915226847,21915286765
1294,0,21932203390,21932204149,0,77661,21932176951,21932239172
1295,0,21949152542,21949153428,0,131710,21949128673,21949242175
1296,0,21966101695,21966102488,0,67802,21966070794,21966127638
1297,0,21983050847,21983051120,0,87455,21983014742,21983096026
1298,0,22000000000,22000000279,0,86393,21999963841,22000028491
1299,0,22016949153,22016949431,0,54480,22016913143,22016961137
1300,0,22033898305,22033898572,0,63374,22033863469,22033919328
1301,0,22050847458,22050847766,0,55917,22050811616,22050861040
1302,0,22067796610,22067796888,0,55429,22067760586,22067809776
1303,0,22084745763,22084746096,0,71333,22084709772,22084774687
1304,0,22101694915,22101695222,0,55006,22101659062,22101707641
1305,0,22118644068,22118644330,0,53848,22118607934,22118655582
1306,0,22135593220,22135593572,0,54294,22135557326,22135605152
1307,0,22152542373,22152542678,0,53373,22152506226,22152553460
1308,0,22169491525,22169491802,0,53453,22169455490,22169502650
1309,0,22186440678,22186440965,0,52287,22186404521,22186450677
1310,0,22203389831,22203390108,0,52264,22203353647,22203399856
1311,0,22220338983,22220339265,0,51918,22220302779,22220348609
1312,0,22237288136,22237288405,0,52784,22237251951,22237298632
1313,0,22254237288,22254237579,0,55616,22254201381,22254250515
1314,0,22271186441,22271186981,0,77734,22271158678,22271221952
1315,0,22288135593,22288136464,0,78121,22288108875,22288171811
1316,0,22305084746,22305085852,0,77574,22305058797,22305120661
1317,0,22322033898,22322034297,0,58451,22321998667,22322050165
1318,0,22338983051,22338983431,0,59617,22338947962,22339000481
1319,0,22355932203,22355932521,0,56046,22355896348,22355945954
1320,0,22372881356,22372881679,0,54881,22372845525,22372893945
1321,0,22389830508,22389830788,0,54912,22389794486,22389843198
1322,0,22406779661,22406779929,0,53917,22406743598,22406791277
1323,0,22423728814,22423729088,0,52788,22423692667,22423739351
1324,0,22440677966,22440678271,0,60972,22440643569,22440696655
1325,0,22457627119,22457627862,0,81158,22457601199,22457666019
1326,0,22474576271,22474576811,0,77441,22474549729,22474611634
1327,0,22491525424,22491526173,0,80359,22491499931,22491563707
1328,0,22508474576,22508474986,0,114620,22508442984,22508546455
1329,0,22525423729,22525424018,0,56331,22525387820,22525437785
1330,0,22542372881,22542373587,0,97913,22542347268,22542428432
1331,0,22559322034,22559322343,0,58547,22559286648,22559338277
1332,0,22576271186,22576271470,0,54711,22576235292,22576283588
1333,0,22593220339,22593220619,0,55255,22593184467,22593233316
1334,0,22610169492,22610169752,0,52441,22610133275,22610179633
1335,0,22627118644,22627118953,0,52329,22627082489,22627128750
1336,0,22644067797,22644068082,0,56595,22644031837,22644082070
1337,0,22661016949,22661017256,0,74459,22660980881,22661049028
1338,0,22677966102,22677966411,0,53695,22677930216,22677977518
1339,0,22694915254,22694915548,0,52347,22694879126,22694925253
1340,0,22711864407,22711864673,0,52621,22711828295,22711874719
1341,0,22728813559,22728813824,0,53634,22728777333,22728824864
1342,0,22745762712,22745763010,0,52772,22745726484,22745773247
1343,0,22762711864,22762712312,0,55415,22762676422,22762725130
1344,0,22779661017,22779661406,0,62427,22779626861,22779681055
1345,0,22796610169,22796610550,0,63222,22796576546,22796630843
1346,0,22813559322,22813559698,0,64307,22813526431,22813581222
1347,0,22830508475,22830509076,0,76776,22830481532,22830543072
1348,0,22847457627,22847458073,0,89645,22847424604,22847504802
1349,0,22864406780,22864407224,0,65821,22864374116,22864430391
1350,0,22881355932,22881356232,0,58357,22881320144,22881371907
1351,0,22898305085,22898305495,0,61588,22898270323,22898324459
1352,0,22915254237,22915254953,0,87517,22915230882,22915298995
1353,0,22932203390,22932204215,0,80889,22932178797,22932242004
1354,0,22949152542,22949160367,0,129515,22949134260,22949246649
1355,0,22966101695,22966102369,0,75631,22966074241,22966135221
1356,0,22983050847,22983051138,0,59723,22983015132,22983068246
1357,0,23000000000,23000000283,0,55821,22999964075,23000013545
1358,0,23016949153,23016949429,0,54811,23016913298,23016961678
1359,0,23033898305,23033898596,0,54622,23033862284,23033910631
1360,0,23050847458,23050847768,0,54662,23050811609,23050859813
1361,0,23067796610,23067796906,0,56018,23067760767,23067810307
1362,0,23084745763,23084746072,0,54515,23084709966,23084758008
1363,0,23101694915,23101695241,0,54212,23101658926,23101706853
1364,0,23118644068,23118644380,0,53473,23118607987,23118655299
1365,0,23135593220,23135593504,0,52515,23135557007,23135603396
1366,0,23152542373,23152542662,0,85061,23152506212,23152585065
1367,0,23169491525,23169491816,0,53317,23169455345,23169502495
1368,0,23186440678,23186440968,0,55845,23186407845,23186454270
1369,0,23203389831,23203390127,0,52469,23203353682,23203400003
1370,0,23220338983,23220339250,0,52476,23220302807,23220349115
1371,0,23237288136,23237288416,0,52449,23237251988,23237298326
1372,0,23254237288,23254237569,0,52102,23254201115,23254247096
1373,0,23271186441,23271186735,0,53187,23271150261,23271197309
1374,0,23288135593,23288137755,0,69529,23288101808,23288164569
1375,0,23305084746,23305085981,0,114096,23305093276,23305157059
1376,0,23322033898,23322034733,0,103169,23322006607,23322095179
1377,0,23338983051,23338983625,0,76218,23338955592,23339017175
1378,0,23355932203,23355932560,0,104784,23355896786,23355994590
1379,0,23372881356,23372881667,0,60415,23372846440,23372899483
1380,0,23389830508,23389830817,0,71783,23389794403,23389859883
1381,0,23406779661,23406779941,0,69965,23406743530,23406807213
1382,0,23423728814,23423729106,0,73674,23423696439,23423743955
1383,0,23440677966,23440678274,0,53213,23440641797,23440688890
1384,0,23457627119,23457627395,0,53187,23457591015,23457637996
1385,0,23474576271,23474576582,0,55580,23474540382,23474589617
1386,0,23491525424,23491525715,0,101598,23491489372,23491568817
1387,0,23508474576,23508474858,0,53471,23508438423,23508485727
1388,0,23525423729,23525424013,0,53327,23525387627,23525434776
1389,0,23542372881,23542373171,0,52961,23542336728,23542383576
1390,0,23559322034,23559322324,0,53490,23559285875,23559333195
1391,0,23576271186,23576286467,0,55350,23576250425,23576299203
1392,0,23593220339,23593220680,0,87983,23593185125,23593266088
1393,0,23610169492,23610178119,0,53422,23610141801,23610188963
1394,0,23627118644,23627118938,0,52439,23627082460,23627128778
1395,0,23644067797,23644068081,0,72537,23644031712,23644098046
1396,0,23661016949,23661017212,0,52848,23660980800,23661027586
1397,0,23677966102,23677966379,0,52734,23677929924,23677976571
1398,0,23694915254,23694915569,0,57071,23694883564,23694930036
1399,0,23711864407,23711864717,0,52445,23711828269,23711874600
1400,0,23728813559,23728813838,0,53062,23728777392,23728824312
1401,0,23745762712,23745763020,0,83997,23745726545,23745804433
1402,0,23762711864,23762712151,0,83636,23762675724,23762753169
1403,0,23779661017,23779661293,0,70133,23779624907,23779688787
1404,0,23796610169,23796610507,0,104434,23796574442,23796655734
1405,0,23813559322,23813559595,0,71533,23813523135,23813588521
1406,0,23830508475,23830508745,0,72711,23830474924,23830538766
1407,0,23847457627,23847457932,0,101389,23847421518,23847516686
1408,0,23864406780,23864407065,0,84714,23864370637,23864449097
1409,0,23881355932,23881356234,0,70234,23881319777,23881383744
1410,0,23898305085,23898305388,0,102511,23898269499,23898365275
1411,0,23915254237,23915254796,0,65634,23915221022,23915277725
1412,0,23932203390,23932204003,0,85430,23932179353,23932246602
1413,0,23949152542,23949153184,0,80621,23949127989,23949190951
1414,0,23966101695,23966102192,0,77152,23966074777,23966136299
1415,0,23983050847,23983051246,0,68300,23983018796,23983076787
1416,0,24000000000,24000000615,0,73272,23999971757,24000030895
1417,0,24016949153,24016949460,0,59075,24016914127,24016965911
1418,0,24033898305,24033898622,0,56475,24033862355,24033912496
1419,0,24050847458,24050847869,0,91946,24050813450,24050896853
1420,0,24067796610,24067797154,0,76056,24067768318,24067830457
1421,0,24084745763,24084746226,0,84291,24084724314,24084787773
1422,0,24101694915,24101695785,0,91460,24101674830,24101744036
1423,0,24118644068,24118644588,0,70842,24118613687,24118672708
1424,0,24135593220,24135593613,0,55637,24135557724,24135606613
1425,0,24152542373,24152542696,0,54894,24152506697,24152554991
1426,0,24169491525,24169491825,0,54863,24169455472,24169504130
1427,0,24186440678,24186440974,0,54422,24186404906,24186452822
1428,0,24203389831,24203390126,0,57969,24203354429,24203405430
1429,0,24220338983,24220339279,0,102252,24220302806,24220398896
1430,0,24237288136,24237288413,0,85388,24237251976,24237331145
1431,0,24254237288,24254237588,0,52990,24254201202,24254247939
1432,0,24271186441,24271186722,0,52905,24271150291,24271197093
1433,0,24288135593,24288135886,0,52077,24288099367,24288145455
1434,0,24305084746,24305085499,0,54550,24305049437,24305097460
1435,0,24322033898,24322034198,0,72467,24321997794,24322064000
1436,0,24338983051,24338983338,0,84517,24338946884,24339025156
1437,0,24355932203,24355932481,0,84483,24355896113,24355974389
1438,0,24372881356,24372881665,0,69540,24372845208,24372908525
1439,0,24389830508,24389830801,0,83839,24389794371,24389872067
1440,0,24406779661,24406779954,0,55568,24406743669,24406792891
1441,0,24423728814,24423729121,0,70971,24423692728,24423757410
1442,0,24440677966,24440678251,0,87726,24440644570,24440723303
1443,0,24457627119,24457627410,0,54387,24457591313,24457639244
1444,0,24474576271,24474576552,0,70084,24474540109,24474603963
1445,0,24491525424,24491525698,0,84361,24491489288,24491567326
1446,0,24508474576,24508474871,0,55372,24508438606,24508487622
1447,0,24525423729,24525424086,0,87665,24525388309,24525469150
1448,0,24542372881,24542373150,0,84742,24542336770,24542415321
1449,0,24559322034,24559322335,0,70640,24559285864,24559350337
1450,0,24576271186,24576271464,0,54059,24576235034,24576282931
1451,0,24593220339,24593221272,0,76411,24593193562,24593254986
1452,0,24610169492,24610170052,0,77501,24610142342,24610204776
1453,0,24627118644,24627140016,0,102152,24627117034,24627199160
1454,0,24644067797,24644068296,0,120741,24644038108,24644146234
1455,0,24661016949,24661017276,0,106099,24660980828,24661080759
1456,0,24677966102,24677966411,0,54612,24677929948,24677978464
1457,0,24694915254,24694915538,0,101748,24694879101,24694974637
1458,0,24711864407,24711864718,0,54388,24711828353,24711876537
1459,0,24728813559,24728813996,0,63042,24728780019,24728834342
1460,0,24745762712,24745763016,0,56096,24745727034,24745776546
1461,0,24762711864,24762712139,0,54249,24762675773,24762723818
1462,0,24779661017,24779661307,0,54744,24779624969,24779673486
1463,0,24796610169,24796610486,0,54492,24796574162,24796622457
1464,0,24813559322,24813559613,0,52914,24813523117,24813569860
1465,0,24830508475,24830508827,0,54530,24830472571,24830520789
1466,0,24847457627,24847457921,0,85329,24847421557,24847500550
1467,0,24864406780,24864407056,0,70829,24864370588,24864435233
1468,0,24881355932,24881356239,0,70699,24881319774,24881384271
1469,0,24898305085,24898305367,0,84371,24898268896,24898346960
1470,0,24915254237,24915254560,0,70353,24915218143,24915282338
1471,0,24932203390,24932203756,0,74592,24932167893,24932235683
1472,0,24949152542,24949152837,0,101981,24949116405,24949212108
1473,0,24966101695,24966102006,0,53120,24966065497,24966112543
1474,0,24983050847,24983051172,0,78428,24983014747,24983086999
1475,0,25000000000,25000000289,0,133610,24999963826,25000091317
1476,0,25016949153,25016949456,0,85584,25016912987,25016992178
1477,0,25033898305,25033898604,0,55052,25033862367,25033911047
1478,0,25050847458,25050847778,0,384141,25050811877,25051189192
1479,0,25067796610,25067797068,0,397100,25067762021,25068151448
1480,0,25084745763,25084746043,0,60935,25084711025,25084764005
1481,0,25101694915,25101695716,0,103011,25101670846,25101755247
1482,0,25118644068,25118644832,0,148646,25118629398,25118750362
1483,0,25135593220,25135594237,0,96664,25135576193,25135647701
1484,0,25152542373,25152543235,0,110729,25152522665,25152610892
1485,0,25169491525,25169492057,0,67899,25169460412,25169517146
1486,0,25186440678,25186441366,0,68469,25186409734,25186467049
1487,0,25203389831,25203390138,0,55338,25203353788,25203402923
1488,0,25220338983,25220339275,0,55485,25220303039,25220352132
1489,0,25237288136,25237288438,0,60994,25237257259,25237306855
1490,0,25254237288,25254237575,0,56921,25254201486,25254251901
1491,0,25271186441,25271186726,0,55382,25271150624,25271199482
1492,0,25288135593,25288135893,0,55846,25288099564,25288149154
1493,0,25305084746,25305085400,0,55851,25305049336,25305098664
1494,0,25322033898,25322034189,0,70663,25321997691,25322046351
1495,0,25338983051,25338983338,0,100394,25338946898,25339025178
1496,0,25355932203,25355932503,0,53168,25355896092,25355943092
1497,0,25372881356,25372881675,0,72927,25372845289,25372911972
1498,0,25389830508,25389830805,0,70353,25389794577,25389858523
1499,0,25406779661,25406779979,0,70024,25406743487,25406807315
1500,0,25423728814,25423729123,0,72860,25423692752,25423759318
1501,0,25440677966,25440678268,0,70627,25440641791,25440706200
1502,0,25457627119,25457627452,0,56522,25457591938,25457641356
1503,0,25474576271,25474576559,0,54387,25474540179,25474588365
1504,0,25491525424,25491525716,0,53532,25491489320,25491536646
1505,0,25508474576,25508474882,0,53085,25508438469,25508485342
1506,0,25525423729,25525424015,0,52550,25525387511,25525433982
1507,0,25542372881,25542373165,0,52273,25542336736,25542382874
1508,0,25559322034,25559322342,0,52623,25559285824,25559332373
1509,0,25576271186,25576271505,0,52982,25576234985,25576281921
1510,0,25593220339,25593220629,0,54027,25593184421,25593232102
1511,0,25610169492,25610169823,0,70384,25610133403,25610197579
1512,0,25627118644,25627118916,0,103923,25627086560,25627164543
1513,0,25644067797,25644068107,0,54909,25644031639,25644080426
1514,0,25661016949,25661017237,0,75803,25660982321,25661049884
1515,0,25677966102,25677966362,0,73071,25677929895,25677996778
1516,0,25694915254,25694915529,0,53338,25694879060,25694926298
1517,0,25711864407,25711864697,0,52709,25711828249,25711874825
1518,0,25728813559,25728813855,0,54637,25728777563,25728825882
1519,0,25745762712,25745763004,0,103591,25745729655,25745808221
1520,0,25762711864,25762712188,0,55480,25762676654,25762725164
1521,0,25779661017,25779661295,0,54206,25779624885,25779672887
1522,0,25796610169,25796610457,0,52850,25796573929,25796620704
1523,0,25813559322,25813559597,0,52881,25813523195,25813569941
1524,0,25830508475,25830508770,0,53376,25830472373,25830519549
1525,0,25847457627,25847457894,0,52577,25847421382,25847467883
1526,0,25864406780,25864407041,0,57000,25864371255,25864421431
1527,0,25881355932,25881356221,0,102187,25881319863,25881415766
1528,0,25898305085,25898305389,0,53501,25898268981,25898316283
1529,0,25915254237,25915254500,0,52701,25915218078,25915264606
1530,0,25932203390,25932203676,0,52344,25932167268,25932213469
1531,0,25949152542,25949152814,0,52510,25949116388,25949162723
1532,0,25966101695,25966101985,0,57314,25966065810,25966116700
1533,0,25983050847,25983051116,0,73324,25983014766,25983081850
1534,0,26000000000,26000002457,0,55665,25999966645,26000015536
1535,0,26016949153,26016949440,0,53930,26016913110,26016960819
1536,0,26033898305,26033898606,0,52934,26033862175,26033908975
1537,0,26050847458,26050847738,0,53032,26050811284,26050858218
1538,0,26067796610,26067796898,0,52134,26067760462,26067806462
1539,0,26084745763,26084746074,0,55615,26084710130,26084759105
1540,0,26101694915,26101695212,0,53533,26101658822,26101706178
1541,0,26118644068,26118644335,0,52600,26118607935,26118654400
1542,0,26135593220,26135593523,0,57476,26135561757,26135608432
1543,0,26152542373,26152542688,0,52964,26152506200,26152553122
1544,0,26169491525,26169491817,0,52916,26169455435,26169502168
1545,0,26186440678,26186446974,0,85890,26186410998,26186490216
1546,0,26203389831,26203390323,0,74016,26203360834,26203421536
1547,0,26220338983,26220339555,0,62015,26220304821,26220358831
1548,0,26237288136,26237288787,0,71841,26237259568,26237317938
1549,0,26254237288,26254237626,0,63465,26254203317,26254258423
1550,0,26271186441,26271186723,0,59165,26271151008,26271203290
1551,0,26288135593,26288148460,0,65253,26288118249,26288171090
1552,0,26305084746,26305085536,0,58445,26305049681,26305101381
1553,0,26322033898,26322034234,0,76813,26321999011,26322068415
1554,0,26338983051,26338983316,0,104868,26338947103,26339045312
1555,0,26355932203,26355932469,0,54167,26355896030,26355944090
1556,0,26372881356,26372881637,0,52705,26372845133,26372891760
1557,0,26389830508,26389830797,0,53812,26389794670,26389842039
1558,0,26406779661,26406779945,0,53809,26406743492,26406791155
1559,0,26423728814,26423729074,0,53038,26423692626,26423739546
1560,0,26440677966,26440678239,0,52289,26440641814,26440687939
1561,0,26457627119,26457627402,0,88752,26457595738,26457659517
1562,0,26474576271,26474576580,0,54737,26474540557,26474588742
1563,0,26491525424,26491525758,0,77496,26491491095,26491560604
1564,0,26508474576,26508474875,0,101778,26508438441,26508517800
1565,0,26525423729,26525424020,0,86437,26525387526,26525467782
1566,0,26542372881,26542373190,0,70418,26542336750,26542400982
1567,0,26559322034,26559322297,0,100587,26559285836,26559364494
1568,0,26576271186,26576271471,0,56979,26576238883,26576285880
1569,0,26593220339,26593220684,0,73479,26593184708,26593251157
1570,0,26610169492,26610169768,0,53936,26610133309,26610181202
1571,0,26627118644,26627118949,0,52687,26627082484,26627129038
1572,0,26644067797,26644068079,0,54696,26644031615,26644080202
1573,0,26661016949,26661017246,0,52413,26660980872,26661027059
1574,0,26677966102,26677966386,0,52750,26677929865,26677976578
1575,0,26694915254,26694915569,0,56275,26694879321,26694929201
1576,0,26711864407,26711864700,0,73648,26711828344,26711895666
1577,0,26728813559,26728813855,0,55189,26728777680,26728826473
1578,0,26745762712,26745763014,0,70766,26745726589,26745791144
1579,0,26762711864,26762712160,0,102156,26762675765,26762771706
1580,0,26779661017,26779661296,0,52773,26779624952,26779671461
1581,0,26796610169,26796610451,0,55123,26796574083,26796622934
1582,0,26813559322,26813559619,0,103050,26813523378,26813604330
1583,0,26830508475,26830508739,0,88833,26830472317,26830554948
1584,0,26847457627,26847457936,0,105231,26847421474,26847501353
1585,0,26864406780,26864407054,0,70706,26864370592,26864435158
1586,0,26881355932,26881356216,0,70613,26881319754,26881384207
1587,0,26898305085,26898305377,0,84819,26898268924,26898347604
1588,0,26915254237,26915254605,0,55366,26915218526,26915267379
1589,0,26932203390,26932203683,0,54092,26932167209,26932215223
1590,0,26949152542,26949152852,0,53209,26949116588,26949163502
1591,0,26966101695,26966101983,0,52994,26966065542,26966112475
1592,0,26983050847,26983051149,0,59565,26983019481,26983068152
1593,0,27000000000,27000000294,0,52675,26999963933,27000010375
1594,0,27016949153,27016949438,0,53540,27016913043,27016960401
1595,0,27033898305,27033898572,0,53121,27033862186,27033909070
1596,0,27050847458,27050847765,0,72357,27050811333,27050877454
1597,0,27067796610,27067796895,0,70254,27067760427,27067824472
1598,0,27084745763,27084746038,0,69844,27084709580,27084773200
1599,0,27101694915,27101695196,0,100992,27101658721,27101737789
1600,0,27118644068,27118644354,0,56488,27118608698,27118657888
1601,0,27135593220,27135593510,0,53526,27135557122,27135604476
1602,0,27152542373,27152542675,0,53279,27152506191,27152553376
1603,0,27169491525,27169491837,0,52880,27169455456,27169502082
1604,0,27186440678,27186440963,0,52380,27186404584,27186450763
1605,0,27203389831,27203390127,0,52635,27203353642,27203400175
1606,0,27220338983,27220339308,0,53095,27220302865,27220349851
1607,0,27237288136,27237288423,0,53118,27237252002,27237298930
1608,0,27254237288,27254237547,0,52677,27254201157,27254247695
1609,0,27271186441,27271186752,0,52754,27271150340,27271196887
1610,0,27288135593,27288135889,0,52393,27288099404,27288145722
1611,0,27305084746,27305085330,0,52795,27305049040,27305095589
1612,0,27322033898,27322034272,0,84594,27322000464,27322076090
1613,0,27338983051,27338983360,0,61150,27338947807,27339001828
1614,0,27355932203,27355932491,0,60271,27355896916,27355950072
1615,0,27372881356,27372881958,0,74354,27372853795,27372913519
1616,0,27389830508,27389830842,0,62161,27389796370,27389850390
1617,0,27406779661,27406780147,0,67031,27406747411,27406804397
1618,0,27423728814,27423729094,0,75982,27423693039,27423762463
1619,0,27440677966,27440678385,0,61494,27440643615,27440697256
1620,0,27457627119,27457627428,0,75290,27457591211,27457660007
1621,0,27474576271,27474576564,0,70890,27474540159,27474604772
1622,0,27491525424,27491525704,0,68932,27491489255,27491551989
1623,0,27508474576,27508474890,0,53367,27508438451,27508485535
1624,0,27525423729,27525424015,0,56653,27525390605,27525438100
1625,0,27542372881,27542373311,0,62683,27542338170,27542393398
1626,0,27559322034,27559322328,0,55809,27559286421,27559335555
1627,0,27576271186,27576271488,0,54905,27576235202,27576283806
1628,0,27593220339,27593220673,0,70587,27593184210,27593248601
1629,0,27610169492,27610169791,0,54628,27610133463,27610181790
1630,0,27627118644,27627118932,0,54321,27627082586,27627130585
1631,0,27644067797,27644068062,0,60767,27644032419,27644086231
1632,0,27661016949,27661017275,0,54376,27660980914,27661029077
1633,0,27677966102,27677966402,0,55211,27677930014,27677979027
1634,0,27694915254,27694915556,0,54732,27694879316,27694927730
1635,0,27711864407,27711864715,0,52719,27711828289,27711874820
1636,0,27728813559,27728813872,0,54039,27728777644,27728825383
1637,0,27745762712,27745762998,0,87885,27745726950,27745808154
1638,0,27762711864,27762712166,0,71145,27762675830,27762740658
1639,0,27779661017,27779661337,0,69573,27779624893,27779688263
1640,0,27796610169,27796610485,0,52412,27796574101,27796620323
1641,0,27813559322,27813559598,0,52880,27813523149,27813569908
1642,0,27830508475,27830521147,0,56267,27830485501,27830534814
1643,0,27847457627,27847457955,0,56378,27847422332,27847471779
1644,0,27864406780,27864407106,0,56116,27864370859,27864420590
1645,0,27881355932,27881356218,0,71873,27881319815,27881385426
1646,0,27898305085,27898305357,0,52416,27898268992,27898315185
1647,0,27915254237,27915254534,0,55697,27915218609,27915267624
1648,0,27932203390,27932203690,0,55979,27932167486,27932217106
1649,0,27949152542,27949152944,0,57974,27949117003,27949168318
1650,0,27966101695,27966101983,0,60121,27966069243,27966119530
1651,0,27983050847,27983051177,0,57341,27983014899,27983065945
1652,0,28000000000,28000000320,0,55109,27999964202,28000012806
1653,0,28016949153,28016949467,0,52678,28016913017,28016959560
1654,0,28033898305,28033898616,0,52343,28033862236,28033908396
1655,0,28050847458,28050847766,0,55557,28050811498,28050860756
1656,0,28067796610,28067796897,0,101540,28067760475,28067855872
1657,0,28084745763,28084746044,0,52764,28084709580,28084756205
1658,0,28101694915,28101695208,0,52248,28101658797,28101704874
1659,0,28118644068,28118644363,0,52402,28118607922,28118654195
1660,0,28135593220,28135593502,0,52939,28135557051,28135603863
1661,0,28152542373,28152542659,0,52727,28152506154,28152552826
1662,0,28169491525,28169491822,0,53825,28169455539,28169503100
1663,0,28186440678,28186440963,0,54414,28186404589,28186452754
1664,0,28203389831,28203390118,0,52817,28203353678,28203400391
1665,0,28220338983,28220339262,0,52534,28220302867,28220349199
1666,0,28237288136,28237288408,0,52720,28237251922,28237298544
1667,0,28254237288,28254237559,0,52771,28254201097,28254247731
1668,0,28271186441,28271186758,0,53245,28271150510,28271197409
1669,0,28288135593,28288143691,0,52996,28288107494,28288154074
1670,0,28305084746,28305085206,0,52632,28305048939,28305095288
1671,0,28322033898,28322034182,0,53930,28321997734,28322045534
1672,0,28338983051,28338983342,0,52076,28338946929,28338992831
1673,0,28355932203,28355932461,0,52194,28355896033,28355942039
1674,0,28372881356,28372881637,0,53001,28372845181,28372892067
1675,0,28389830508,28389830798,0,84861,28389794360,28389859529
1676,0,28406779661,28406779928,0,69851,28406743487,28406807103
1677,0,28423728814,28423729110,0,100738,28423692761,28423771397
1678,0,28440677966,28440678255,0,52353,28440641798,28440688047
1679,0,28457627119,28457627608,0,60502,28457593602,28457645502
1680,0,28474576271,28474576811,0,64087,28474543180,28474598099
1681,0,28491525424,28491526148,0,107397,28491497926,28491590681
1682,0,28508474576,28508475293,0,76734,28508448745,28508509401
1683,0,28525423729,28525424154,0,66044,28525390936,28525447423
1684,0,28542372881,28542373265,0,85647,28542337539,28542416178
1685,0,28559322034,28559322310,0,73815,28559286304,28559353449
1686,0,28576271186,28576271602,0,71421,28576241424,28576300337
1687,0,28593220339,28593220678,0,93777,28593189171,28593257318
1688,0,28610169492,28610181550,0,70421,28610145272,28610209296
1689,0,28627118644,28627118953,0,85026,28627082780,28627161344
1690,0,28644067797,28644068085,0,88934,28644031833,28644114197
1691,0,28661016949,28661017265,0,73067,28660980825,28661047705
1692,0,28677966102,28677966422,0,74194,28677930499,28677997892
1693,0,28694915254,28694915546,0,72725,28694879110,28694945642
1694,0,28711864407,28711864697,0,84719,28711828202,28711906534
1695,0,28728813559,28728813880,0,55466,28728777739,28728826717
1696,0,28745762712,28745763016,0,70520,28745726565,28745790844
1697,0,28762711864,28762712162,0,84136,28762675738,28762753681
1698,0,28779661017,28779661294,0,87338,28779624926,28779706053
1699,0,28796610169,28796610474,0,71074,28796574004,28796638898
1700,0,28813559322,28813559612,0,69203,28813523262,28813586236
1701,0,28830508475,28830511295,0,84504,28830475097,28830553216
1702,0,28847457627,28847457931,0,71005,28847421492,28847486302
1703,0,28864406780,28864407059,0,52687,28864370628,28864417150
1704,0,28881355932,28881356224,0,55929,28881320269,28881369535
1705,0,28898305085,28898305400,0,83888,28898268985,28898346618
1706,0,28915254237,28915254527,0,52664,28915218049,28915264636
1707,0,28932203390,28932203660,0,52548,28932167272,28932213672
1708,0,28949152542,28949152821,0,53373,28949116413,28949163613
1709,0,28966101695,28966101989,0,54705,28966065745,28966114064
1710,0,28983050847,28983051157,0,89741,28983014978,28983098214
1711,0,29000000000,29000000277,0,72963,28999963816,29000030550
1712,0,29016949153,29016949458,0,53167,29016913090,29016960030
1713,0,29033898305,29033898622,0,85587,29033862283,29033941586
1714,0,29050847458,29050847743,0,71030,29050811367,29050876072
1715,0,29067796610,29067796925,0,56707,29067760712,29067811055
1716,0,29084745763,29084746020,0,84456,29084709584,29084787873
1717,0,29101694915,29101695192,0,87424,29101658912,29101739869
1718,0,29118644068,29118644368,0,90455,29118612987,29118692011
1719,0,29135593220,29135593497,0,52707,29135557006,29135603663
1720,0,29152542373,29152542679,0,53146,29152506148,29152553256
1721,0,29169491525,29169491816,0,52715,29169455426,29169501981
1722,0,29186440678,29186440968,0,52416,29186404533,29186450813
1723,0,29203389831,29203390113,0,52344,29203353693,29203399872
1724,0,29220338983,29220339277,0,53357,29220302755,29220350035
1725,0,29237288136,29237288402,0,52845,29237251996,29237298727
1726,0,29254237288,29254237564,0,85251,29254201095,29254280022
1727,0,29271186441,29271186730,0,70752,29271150291,29271214783
1728,0,29288135593,29288135912,0,69835,29288099541,29288163073
1729,0,29305084746,29305085355,0,89130,29305049036,29305131882
1730,0,29322033898,29322034160,0,54999,29321997719,29322046673
1731,0,29338983051,29338983441,0,61270,29338951788,29339001951
1732,0,29355932203,29355932543,0,102951,29355896094,29355992841
1733,0,29372881356,29372881685,0,84501,29372845222,29372923514
1734,0,29389830508,29389830831,0,53136,29389794406,29389841392
1735,0,29406779661,29406779974,0,70502,29406743610,29406807809
1736,0,29423728814,29423729111,0,83480,29423692769,29423769702
1737,0,29440677966,29440678269,0,53199,29440641862,29440688892
1738,0,29457627119,29457627420,0,52426,29457591007,29457637300
1739,0,29474576271,29474576593,0,52282,29474540179,29474586295
1740,0,29491525424,29491525713,0,52156,29491489267,29491535262
1741,0,29508474576,29508474861,0,103191,29508438619,29508519411
1742,0,29525423729,29525424017,0,85324,29525387670,29525466782
1743,0,29542372881,29542373166,0,70678,29542336743,29542401256
1744,0,29559322034,29559322344,0,53437,29559285923,29559333196
1745,0,29576271186,29576271472,0,52823,29576235076,29576281726
1746,0,29593220339,29593220670,0,64485,29593186751,29593242466
1747,0,29610169492,29610172180,0,71650,29610141686,29610201044
1748,0,29627118644,29627119342,0,85311,29627095560,29627161885
1749,0,29644067797,29644068663,0,122341,29644043878,29644148067
1750,0,29661016949,29661017653,0,68955,29660984646,29661043697
1751,0,29677966102,29677966455,0,65370,29677933389,29677989100
1752,0,29694915254,29694915578,0,59046,29694879923,29694932030
1753,0,29711864407,29711864704,0,110649,29711829764,29711932606
1754,0,29728813559,29728813864,0,114394,29728781134,29728885445
1755,0,29745762712,29745762995,0,73374,29745726695,29745793728
1756,0,29762711864,29762712145,0,101119,29762675746,29762754788
1757,0,29779661017,29779661299,0,84712,29779624855,29779703142
1758,0,29796610169,29796610471,0,53265,29796573944,29796621191
1759,0,29813559322,29813559645,0,55352,29813523429,29813572397
1760,0,29830508475,29830508763,0,102854,29830472925,29830568591
1761,0,29847457627,29847457923,0,70470,29847421593,29847485719
1762,0,29864406780,29864407050,0,70620,29864370581,29864435014
1763,0,29881355932,29881356231,0,100031,29881319707,29881397966
1764,0,29898305085,29898305367,0,52362,29898268992,29898315157
1765,0,29915254237,29915254518,0,100290,29915218143,29915296391
1766,0,29932203390,29932203645,0,59810,29932172503,29932220813
1767,0,29949152542,29949152823,0,53902,29949116425,29949164171
1768,0,29966101695,29966106072,0,86453,29966070227,29966149869
1769,0,29983050847,29983051140,0,102259,29983014692,29983110843
1770,1,30000000000,30000000309,0,87202,29999963884,30000044721
1771,1,30016949153,30016949448,0,70687,30016913047,30016977470
1772,1,30033898305,30033898586,0,72711,30033862317,30033928689
1773,1,30050847458,30050847760,0,70800,30050811303,30050875947
1774,1,30067796610,30067796896,0,70220,30067760479,30067824469
1775,1,30084745763,30084746062,0,84270,30084709616,30084787792
1776,1,30101694915,30101695211,0,72825,30101661001,30101725470
1777,1,30118644068,30118644379,0,70268,30118608002,30118671986
1778,1,30135593220,30135593529,0,70696,30135557159,30135621512
1779,1,30152542373,30152542647,0,85675,30152506267,30152585738
1780,1,30169491525,30169491814,0,71128,30169455370,30169520316
1781,1,30186440678,30186440984,0,70061,30186404544,30186468377
1782,1,30203389831,30203390107,0,84232,30203353606,30203431741
1783,1,30220338983,30220339267,0,52526,30220302821,30220349245
1784,1,30237288136,30237288427,0,54318,30237252079,30237300204
1785,1,30254237288,30254237546,0,53147,30254201089,30254248105
1786,1,30271186441,30271186746,0,52521,30271150270,30271196676
1787,1,30288135593,30288135868,0,52081,30288099334,30288145419
1788,1,30305084746,30305085213,0,76417,30305052455,30305099205
1789,1,30322033898,30322034164,0,54451,30321997740,30322045977
1790,1,30338983051,30338983339,0,54041,30338946976,30338994810
1791,1,30355932203,30355932504,0,72778,30355896048,30355962584
1792,1,30372881356,30372881625,0,70563,30372845245,30372909531
1793,1,30389830508,30389830775,0,70489,30389794282,30389858554
1794,1,30406779661,30406779945,0,70501,30406743503,30406807823
1795,1,30423728814,30423729099,0,69803,30423692570,30423756256
1796,1,30440677966,30440678269,0,71645,30440642000,30440707287
1797,1,30457627119,30457627408,0,85698,30457590940,30457670498
1798,1,30474576271,30474576559,0,85391,30474540042,30474619310
1799,1,30491525424,30491525698,0,70707,30491489284,30491553734
1800,1,30508474576,30508474855,0,55552,30508438835,30508487802
1801,1,30525423729,30525424018,0,69646,30525387748,30525451021
1802,1,30542372881,30542373193,0,60828,30542341770,30542391384
1803,1,30559322034,30559322310,0,71756,30559285966,30559351394
1804,1,30576271186,30576271502,0,70092,30576235103,30576298880
1805,1,30593220339,30593220629,0,100745,30593184131,30593278700
1806,1,30610169492,30610169812,0,59199,30610133830,30610186357
1807,1,30627118644,30627118914,0,71378,30627082488,30627147712
1808,1,30644067797,30644068096,0,57118,30644032030,30644082587
1809,1,30661016949,30661017237,0,73441,30660980856,30661047952
1810,1,30677966102,30677966403,0,52888,30677929937,30677976697
1811,1,30694915254,30694915538,0,52785,30694879098,30694925705
1812,1,30711864407,30711864702,0,52323,30711828272,30711874403
1813,1,30728813559,30728813882,0,54213,30728777629,30728825490
1814,1,30745762712,30745763163,0,66427,30745730556,30745786934
1815,1,30762711864,30762712308,0,74324,30762683074,30762743787
1816,1,30779661017,30779661445,0,76467,30779633901,30779695144
1817,1,30796610169,30796610455,0,61234,30796575569,30796629000
1818,1,30813559322,30813559649,0,64248,30813526347,30813581261
1819,1,30830508475,30830508780,0,58834,30830472594,30830524939
1820,1,30847457627,30847457902,0,55980,30847422137,30847471292
1821,1,30864406780,30864407279,0,101614,30864377908,30864466064
1822,1,30881355932,30881356230,0,73381,30881319984,30881386995
1823,1,30898305085,30898305380,0,84567,30898269011,30898347230
1824,1,30915254237,30915254515,0,53139,30915218148,30915265065
1825,1,30932203390,30932203678,0,52875,30932167176,30932214048
1826,1,30949152542,30949152857,0,52310,30949116399,30949162543
1827,1,30966101695,30966111475,0,87245,30966075805,30966156065
1828,1,30983050847,30983051117,0,86317,30983014739,30983094775
