# 60.32 fps for 30 s, then 1 s black; order sync-rows; sync x1, 1036 bytes, source type 0x00, counter on, bytes 16-18 ffffff, byte 26 01, bytes 31-32 013c, level 255, byte 36 00; no brightness packet; row tail 00 00; bars at pixel 25; wait hybrid (spin 2 ms), qdisc bypass, stamps
frame,black,tick_ns,sync_ns,added_ns,burst_ns,driver_ns,driver_row_ns
0,0,0,281,0,84824,0,64521
1,0,16578249,16578560,0,64843,16572007,16622767
2,0,33156499,33156861,0,55887,33143701,33192452
3,0,49734748,49735128,0,55641,49721851,49770529
4,0,66312997,66313363,0,57073,66300213,66350183
5,0,82891247,82891531,0,54344,82878087,82925624
6,0,99469496,99469803,0,53753,99456481,99503334
7,0,116047745,116047995,0,54051,116034515,116081871
8,0,132625995,132626298,0,54038,132613142,132660021
9,0,149204244,149204518,0,54073,149191256,149238386
10,0,165782493,165782799,0,62262,165772989,165824810
11,0,182360743,182361128,0,73811,182355125,182414354
12,0,198938992,198939520,0,95930,198936568,199014936
13,0,215517241,215517843,0,90145,215513066,215587539
14,0,232095491,232095806,0,72958,232083330,232148393
15,0,248673740,248674038,0,69014,248660273,248722734
16,0,265251989,265252265,0,53978,265238841,265285674
17,0,281830239,281830545,0,57878,281818379,281868177
18,0,298408488,298409094,0,69116,298401785,298457962
19,0,314986737,314987132,0,61258,314975204,315027997
20,0,331564987,331565664,0,80379,331564808,331625486
21,0,348143236,348143576,0,61727,348132601,348185066
22,0,364721485,364721980,0,65076,364712571,364766465
23,0,381299735,381300077,0,62689,381289566,381342522
24,0,397877984,397878257,0,57140,397865132,397914760
25,0,414456233,414456582,0,90585,414445132,414526798
26,0,431034483,431034764,0,71033,431021297,431085335
27,0,447612732,447613033,0,69189,447599334,447661900
28,0,464190981,464191281,0,84089,464177728,464255160
29,0,480769231,480769506,0,69990,480755973,480819197
30,0,497347480,497347740,0,70097,497334109,497397493
31,0,513925729,513925992,0,70263,513912263,513975959
32,0,530503979,530504243,0,69509,530491062,530553210
33,0,547082228,547082496,0,70923,547069521,547133149
34,0,563660477,563660742,0,67424,563647181,563707978
35,0,580238727,580239045,0,53697,580225903,580272594
36,0,596816976,596817254,0,69326,596803483,596866325
37,0,613395225,613395481,0,83115,613381915,613444478
38,0,629973475,629973727,0,69939,629961031,630023315
39,0,646551724,646552007,0,68019,646538296,646599741
40,0,663129973,663130237,0,68682,663116342,663178353
41,0,679708223,679708502,0,68616,679694643,679756814
42,0,696286472,696287074,0,77871,696283206,696344600
43,0,712864721,712865350,0,75556,712860876,712920464
44,0,729442971,729443711,0,142792,729439455,729565904
45,0,746021220,746021693,0,97009,746012877,746098324
46,0,762599469,762599789,0,56529,762588830,762636089
47,0,779177719,779191753,0,56575,779178888,779228056
48,0,795755968,795756289,0,57534,795743399,795793580
49,0,812334218,812334531,0,54970,812321227,812369253
50,0,828912467,828912735,0,52822,828899267,828945354
51,0,845490716,845491013,0,52949,845477656,845523746
52,0,862068966,862069242,0,70931,862055560,862119512
53,0,878647215,878647497,0,82927,878633675,878710261
54,0,895225464,895225744,0,58112,895214774,895263588
55,0,911803714,911803990,0,51905,911790263,911835685
56,0,928381963,928382249,0,82398,928368778,928430955
57,0,944960212,944960479,0,51854,944947231,944992125
58,0,961538462,961538746,0,52009,961525415,961570505
59,0,978116711,978132120,0,84438,978119216,978196289
60,0,994694960,994695240,0,55335,994682169,994730362
61,0,1011273210,1011273475,0,83392,1011259934,1011336294
62,0,1027851459,1027851746,0,74703,1027843011,1027906117
63,0,1044429708,1044429988,0,54923,1044416566,1044464731
64,0,1061007958,1061008537,0,73118,1061003178,1061059837
65,0,1077586207,1077586846,0,72595,1077581208,1077638926
66,0,1094164456,1094164925,0,103362,1094159160,1094247751
67,0,1110742706,1110743025,0,79194,1110732355,1110801712
68,0,1127320955,1127321242,0,69716,1127307563,1127370690
69,0,1143899204,1143899500,0,54673,1143886417,1143933981
70,0,1160477454,1160477725,0,54115,1160464325,1160511610
71,0,1177055703,1177055973,0,52886,1177042583,1177088643
72,0,1193633952,1193634229,0,52935,1193620565,1193666910
73,0,1210212202,1210212479,0,53439,1210199002,1210245708
74,0,1226790451,1226790773,0,53586,1226778265,1226824088
75,0,1243368700,1243368983,0,52703,1243355647,1243401413
76,0,1259946950,1259947233,0,52865,1259933607,1259978416
77,0,1276525199,1276525465,0,51704,1276511850,1276556911
78,0,1293103448,1293103740,0,102312,1293089806,1293185744
79,0,1309681698,1309681996,0,73169,1309669306,1309734854
80,0,1326259947,1326260286,0,69058,1326246715,1326309040
81,0,1342838196,1342838452,0,68980,1342825293,1342887077
82,0,1359416446,1359416705,0,68788,1359403054,1359465321
83,0,1375994695,1375994957,0,69404,1375981543,1376044068
84,0,1392572944,1392573207,0,51031,1392559421,1392604036
85,0,1409151194,1409151445,0,55055,1409138272,1409186299
86,0,1425729443,1425729942,0,65612,1425721870,1425775259
87,0,1442307692,1442308188,0,62826,1442296850,1442350629
88,0,1458885942,1458886469,0,72541,1458881130,1458938412
89,0,1475464191,1475464730,0,67336,1475456775,1475511737
90,0,1492042440,1492042906,0,63483,1492032176,1492086165
91,0,1508620690,1508621345,0,92961,1508615712,1508693721
92,0,1525198939,1525199808,0,139250,1525201538,1525316338
93,0,1541777188,1541777990,0,105864,1541780290,1541863235
94,0,1558355438,1558356191,0,82527,1558354124,1558418221
95,0,1574933687,1574934230,0,65086,1574924310,1574978945
96,0,1591511936,1591512251,0,55057,1591498750,1591547049
97,0,1608090186,1608090456,0,56546,1608076981,1608126772
98,0,1624668435,1624668732,0,57061,1624656910,1624705530
99,0,1641246684,1641246942,0,55122,1641233839,1641281802
100,0,1657824934,1657825189,0,52235,1657811971,1657857207
101,0,1674403183,1674403468,0,82922,1674389924,1674466195
102,0,1690981432,1690981696,0,51297,1690968000,1691012745
103,0,1707559682,1707559946,0,51337,1707546252,1707591042
104,0,1724137931,1724138280,0,88641,1724126004,1724206696
105,0,1740716180,1740716478,0,53001,1740703468,1740749219
106,0,1757294430,1757294716,0,84360,1757281473,1757358788
107,0,1773872679,1773872990,0,57689,1773865233,1773910423
108,0,1790450928,1790451231,0,53319,1790437805,1790482372
109,0,1807029178,1807029467,0,51688,1807015752,1807061013
110,0,1823607427,1823607707,0,55450,1823595234,1823642925
111,0,1840185676,1840185961,0,85163,1840172204,1840250960
112,0,1856763926,1856764215,0,51533,1856750567,1856795602
113,0,1873342175,1873342470,0,83050,1873328852,1873405284
114,0,1889920424,1889920705,0,68877,1889906968,1889969292
115,0,1906498674,1906498922,0,69479,1906485185,1906548156
116,0,1923076923,1923077178,0,109223,1923068240,1923166047
117,0,1939655172,1939655459,0,72599,1939642516,1939707813
118,0,1956233422,1956233686,0,69413,1956219944,1956282741
119,0,1972811671,1972811972,0,69447,1972798271,1972861106
120,0,1989389920,1989390195,0,53744,1989376622,1989423665
121,0,2005968170,2005968821,0,73414,2005962459,2006021897
122,0,2022546419,2022547169,0,71218,2022541012,2022597968
123,0,2039124668,2039125213,0,75297,2039119575,2039180080
124,0,2055702918,2055703238,0,88248,2055690733,2055771157
125,0,2072281167,2072281443,0,53958,2072267886,2072315187
126,0,2088859416,2088859674,0,53705,2088846234,2088893143
127,0,2105437666,2105437968,0,53465,2105424295,2105471178
128,0,2122015915,2122016187,0,61378,2122002823,2122049094
129,0,2138594164,2138594448,0,53646,2138581406,2138627917
130,0,2155172414,2155172705,0,104066,2155160122,2155256483
131,0,2171750663,2171750922,0,70401,2171737566,2171801099
132,0,2188328912,2188329208,0,68453,2188315412,2188377405
133,0,2204907162,2204907448,0,68538,2204893790,2204955659
134,0,2221485411,2221485689,0,55861,2221476040,2221521272
135,0,2238063660,2238063931,0,53329,2238050374,2238097105
136,0,2254641910,2254642171,0,52938,2254628495,2254674895
137,0,2271220159,2271220455,0,68119,2271206630,2271268290
138,0,2287798408,2287798678,0,68497,2287784954,2287846907
139,0,2304376658,2304376967,0,53748,2304363498,2304410508
140,0,2320954907,2320955189,0,51101,2320941483,2320986097
141,0,2337533156,2337533440,0,51517,2337519821,2337564758
142,0,2354111406,2354112368,0,89667,2354100258,2354181779
143,0,2370689655,2370689943,0,70055,2370676390,2370739698
144,0,2387267905,2387268175,0,68668,2387254345,2387316512
145,0,2403846154,2403846412,0,69043,2403832710,2403895152
146,0,2420424403,2420424974,0,70464,2420418308,2420475065
147,0,2437002653,2437003275,0,73469,2436997806,2437056326
148,0,2453580902,2453581688,0,91949,2453582536,2453650364
149,0,2470159151,2470159807,0,75931,2470154245,2470215473
150,0,2486737401,2486737693,0,58056,2486725083,2486775550
151,0,2503315650,2503315918,0,54565,2503302425,2503350285
152,0,2519893899,2519894165,0,53541,2519880687,2519927501
153,0,2536472149,2536472458,0,54121,2536459349,2536506365
154,0,2553050398,2553050738,0,57985,2553039265,2553088514
155,0,2569628647,2569629243,0,70210,2569622597,2569679105
156,0,2586206897,2586207602,0,77446,2586203189,2586264558
157,0,2602785146,2602785763,0,72051,2602779161,2602837429
158,0,2619363395,2619363795,0,62146,2619352970,2619405688
159,0,2635941645,2635941965,0,89365,2635929535,2636010915
160,0,2652519894,2652520247,0,76317,2652507637,2652575981
161,0,2669098143,2669098817,0,127991,2669123935,2669206199
162,0,2685676393,2685677160,0,88336,2685679374,2685745045
163,0,2702254642,2702255171,0,87115,2702253847,2702321756
164,0,2718832891,2718833396,0,59702,2718821908,2718872745
165,0,2735411141,2735411408,0,53984,2735398118,2735445143
166,0,2751989390,2751989661,0,55500,2751976459,2752025024
167,0,2768567639,2768568006,0,61431,2768557347,2768609191
168,0,2785145889,2785146171,0,55588,2785133157,2785181473
169,0,2801724138,2801724414,0,54401,2801710751,2801758565
170,0,2818302387,2818302673,0,53855,2818289132,2818336336
171,0,2834880637,2834880905,0,53934,2834867421,2834914637
172,0,2851458886,2851459205,0,55584,2851445700,2851492980
173,0,2868037135,2868037395,0,51113,2868023777,2868068247
174,0,2884615385,2884615860,0,88680,2884603299,2884684211
175,0,2901193634,2901193904,0,70511,2901180346,2901244143
176,0,2917771883,2917772155,0,69658,2917759497,2917821521
177,0,2934350133,2934350403,0,68950,2934337023,2934399095
178,0,2950928382,2950928687,0,51016,2950914910,2950959510
179,0,2967506631,2967506955,0,67986,2967499491,2967554625
180,0,2984084881,2984085678,0,124825,2984085667,2984189785
181,0,3000663130,3000663797,0,80516,3000660962,3000723866
182,0,3017241379,3017241861,0,73526,3017236647,3017294881
183,0,3033819629,3033819892,0,70514,3033806512,3033869978
184,0,3050397878,3050411080,0,70254,3050397629,3050461034
185,0,3066976127,3066976435,0,53256,3066962929,3067009508
186,0,3083554377,3083554693,0,56148,3083541575,3083590545
187,0,3100132626,3100132889,0,55334,3100119549,3100168007
188,0,3116710875,3116711143,0,53597,3116697567,3116744540
189,0,3133289125,3133289415,0,53154,3133275981,3133322382
190,0,3149867374,3149867684,0,53401,3149854373,3149900894
191,0,3166445623,3166445914,0,51202,3166431991,3166476916
192,0,3183023873,3183024169,0,51508,3183010454,3183055451
193,0,3199602122,3199602366,0,57027,3199594287,3199639195
194,0,3216180371,3216193647,0,51949,3216180187,3216225372
195,0,3232758621,3232758899,0,51069,3232745108,3232789773
196,0,3249336870,3249337165,0,51027,3249323430,3249367977
197,0,3265915119,3265915385,0,51670,3265901646,3265946826
198,0,3282493369,3282493671,0,53019,3282480199,3282526430
199,0,3299071618,3299071936,0,58758,3299058747,3299110477
200,0,3315649867,3315650139,0,71456,3315636848,3315699757
201,0,3332228117,3332228392,0,68437,3332214747,3332276548
202,0,3348806366,3348806671,0,68636,3348792934,3348854965
203,0,3365384615,3365400590,0,53160,3365387155,3365433494
204,0,3381962865,3381963129,0,50977,3381949274,3381993897
205,0,3398541114,3398541392,0,51583,3398527760,3398572743
206,0,3415119363,3415119656,0,51152,3415105992,3415150609
207,0,3431697613,3431698172,0,71773,3431691735,3431749593
208,0,3448275862,3448276419,0,75570,3448271436,3448331547
209,0,3464854111,3464854759,0,77455,3464850611,3464911864
210,0,3481432361,3481432822,0,125691,3481433135,3481537849
211,0,3498010610,3498011078,0,80921,3498001498,3498071416
212,0,3514588859,3514589135,0,72742,3514576405,3514641525
213,0,3531167109,3531167374,0,69659,3531153953,3531216667
214,0,3547745358,3547745628,0,67624,3547731833,3547792928
215,0,3564323607,3564323903,0,52942,3564310267,3564356625
216,0,3580901857,3580902156,0,53067,3580888607,3580935032
217,0,3597480106,3597480408,0,54786,3597466704,3597514989
218,0,3614058355,3614058649,0,58006,3614045064,3614096420
219,0,3630636605,3630636865,0,52460,3630623101,3630669078
220,0,3647214854,3647215123,0,52933,3647201757,3647247827
221,0,3663793103,3663793367,0,51009,3663779642,3663824196
222,0,3680371353,3680371625,0,69231,3680357907,3680420610
223,0,3696949602,3696950338,0,64397,3696941285,3696994454
224,0,3713527851,3713529041,0,85450,3713527871,3713593905
225,0,3730106101,3730107034,0,80940,3730105188,3730167545
226,0,3746684350,3746684954,0,71722,3746678977,3746736152
227,0,3763262599,3763269883,0,101078,3763260571,3763350337
228,0,3779840849,3779841466,0,106835,3779844845,3779927295
229,0,3796419098,3796420023,0,137016,3796422445,3796536335
230,0,3812997347,3812998232,0,88132,3813000251,3813065783
231,0,3829575597,3829576364,0,79117,3829573432,3829634947
232,0,3846153846,3846154276,0,106168,3846156129,3846224334
233,0,3862732095,3862732414,0,55297,3862719222,3862767393
234,0,3879310345,3879310645,0,54165,3879297159,3879344525
235,0,3895888594,3895888869,0,55081,3895875534,3895923704
236,0,3912466844,3912467158,0,53688,3912453957,3912500663
237,0,3929045093,3929045355,0,54084,3929032246,3929079208
238,0,3945623342,3945623630,0,53502,3945610369,3945656920
239,0,3962201592,3962201863,0,51205,3962188089,3962232838
240,0,3978779841,3978780118,0,81975,3978766420,3978841892
241,0,3995358090,3995358370,0,68819,3995344915,3995406978
242,0,4011936340,4011936688,0,56495,4011923894,4011972919
243,0,4028514589,4028514882,0,70567,4028501124,4028565169
244,0,4045092838,4045093106,0,71647,4045079378,4045144481
245,0,4061671088,4061671377,0,68472,4061657634,4061719580
246,0,4078249337,4078249642,0,51820,4078236034,4078281197
247,0,4094827586,4094827876,0,51317,4094814123,4094859040
248,0,4111405836,4111406117,0,56509,4111397648,4111442429
249,0,4127984085,4127984430,0,53704,4127971309,4128017947
250,0,4144562334,4144562591,0,84267,4144549016,4144626389
251,0,4161140584,4161140869,0,69597,4161127614,4161190205
252,0,4177718833,4177719114,0,68362,4177705337,4177767211
253,0,4194297082,4194297371,0,51118,4194283590,4194328275
254,0,4210875332,4210875629,0,51143,4210862024,4210906496
255,0,4227453581,4227453861,0,53500,4227440576,4227487134
256,0,4244031830,4244032138,0,51174,4244018405,4244063128
257,0,4260610080,4260610365,0,82824,4260596577,4260672970
258,0,4277188329,4277188601,0,51566,4277174807,4277219937
259,0,4293766578,4293766872,0,51989,4293753182,4293798584
260,0,4310344828,4310345267,0,73265,4310344109,4310397958
261,0,4326923077,4326923984,0,118215,4326924554,4327021692
262,0,4343501326,4343502020,0,121976,4343497116,4343603521
263,0,4360079576,4360080114,0,92258,4360072329,4360151641
264,0,4376657825,4376658242,0,55681,4376644782,4376693610
265,0,4393236074,4393236364,0,60078,4393228832,4393276225
266,0,4409814324,4409814624,0,52616,4409800932,4409847040
267,0,4426392573,4426397512,0,73870,4426384347,4426451080
268,0,4442970822,4442971131,0,57668,4442957845,4443006769
269,0,4459549072,4459549338,0,83173,4459535730,4459612246
270,0,4476127321,4476146064,0,53726,4476133058,4476179632
271,0,4492705570,4492705838,0,68817,4492692028,4492754416
272,0,4509283820,4509284076,0,68599,4509270305,4509332364
273,0,4525862069,4525862370,0,68832,4525848994,4525910951
274,0,4542440318,4542440641,0,70524,4542427335,4542490855
275,0,4559018568,4559018822,0,69103,4559005452,4559067648
276,0,4575596817,4575597099,0,84413,4575583685,4575661232
277,0,4592175066,4592175402,0,55273,4592162489,4592210395
278,0,4608753316,4608753894,0,85003,4608746522,4608818550
279,0,4625331565,4625332229,0,73941,4625326846,4625385792
280,0,4641909814,4641910541,0,79372,4641907054,4641969198
281,0,4658488064,4658488358,0,56011,4658475515,4658524135
282,0,4675066313,4675066613,0,55234,4675052942,4675101623
283,0,4691644562,4691644848,0,53877,4691631402,4691678503
284,0,4708222812,4708223080,0,52548,4708209470,4708255491
285,0,4724801061,4724801319,0,52969,4724788185,4724834083
286,0,4741379310,4741379609,0,54985,4741366850,4741414368
287,0,4757957560,4757957807,0,51327,4757944180,4757988927
288,0,4774535809,4774536085,0,82341,4774522399,4774598137
289,0,4791114058,4791114323,0,50982,4791100562,4791145083
290,0,4807692308,4807692611,0,51125,4807678943,4807723502
291,0,4824270557,4824270837,0,50973,4824257119,4824301626
292,0,4840848806,4840849125,0,76097,4840838303,4840904855
293,0,4857427056,4857427495,0,64343,4857417763,4857471505
294,0,4874005305,4874006055,0,101341,4874004403,4874086295
295,0,4890583554,4890584306,0,122662,4890587348,4890686126
296,0,4907161804,4907162818,0,149587,4907190920,4907291813
297,0,4923740053,4923740978,0,137735,4923759753,4923858155
298,0,4940318302,4940318689,0,75960,4940314906,4940374131
299,0,4956896552,4956897195,0,68029,4956889175,4956944723
300,0,4973474801,4973475426,0,64805,4973465411,4973519765
301,0,4990053050,4990053363,0,55567,4990040346,4990088687
302,0,5006631300,5006631624,0,54612,5006618379,5006666011
303,0,5023209549,5023209807,0,54420,5023196225,5023244059
304,0,5039787798,5039788093,0,54204,5039774660,5039822083
305,0,5056366048,5056366389,0,55522,5056353585,5056401723
306,0,5072944297,5072944578,0,56017,5072931128,5072980357
307,0,5089522546,5089522817,0,89272,5089515186,5089591720
308,0,5106100796,5106101051,0,53868,5106087390,5106133954
309,0,5122679045,5122679342,0,51536,5122665954,5122710733
310,0,5139257294,5139257570,0,51007,5139243774,5139288389
311,0,5155835544,5155835847,0,54944,5155822838,5155870573
312,0,5172413793,5172414045,0,70174,5172400476,5172463846
313,0,5188992042,5188992299,0,51172,5188978371,5189023256
314,0,5205570292,5205570574,0,51428,5205556822,5205601768
315,0,5222148541,5222148858,0,83946,5222135536,5222212552
316,0,5238726790,5238727044,0,51374,5238713299,5238758194
317,0,5255305040,5255305296,0,52097,5255291642,5255337203
318,0,5271883289,5271883557,0,53120,5271870374,5271916417
319,0,5288461538,5288461818,0,85020,5288447989,5288526551
320,0,5305039788,5305040098,0,51037,5305026248,5305070961
321,0,5321618037,5321618330,0,51488,5321604855,5321649585
322,0,5338196286,5338196566,0,51544,5338183014,5338227909
323,0,5354774536,5354774839,0,51636,5354761533,5354806246
324,0,5371352785,5371353083,0,52734,5371339852,5371385611
325,0,5387931034,5387931319,0,52140,5387918004,5387963259
326,0,5404509284,5404509541,0,82880,5404495806,5404571880
327,0,5421087533,5421087832,0,70938,5421074138,5421138565
328,0,5437665782,5437666049,0,69162,5437652294,5437714908
329,0,5454244032,5454244317,0,69228,5454230536,5454293224
330,0,5470822281,5470822568,0,70794,5470809251,5470873029
331,0,5487400531,5487400804,0,68942,5487387001,5487449465
332,0,5503978780,5503979078,0,67880,5503965400,5504026649
333,0,5520557029,5520557311,0,68130,5520543706,5520605207
334,0,5537135279,5537135680,0,69530,5537128452,5537184864
335,0,5553713528,5553714141,0,75383,5553710352,5553769121
336,0,5570291777,5570292495,0,115608,5570292213,5570387293
337,0,5586870027,5586870642,0,91766,5586865250,5586941899
338,0,5603448276,5603448714,0,70640,5603435602,5603499090
339,0,5620026525,5620026779,0,69317,5620013186,5620075846
340,0,5636604775,5636605048,0,68029,5636591337,5636652767
341,0,5653183024,5653183323,0,69259,5653169588,5653232350
342,0,5669761273,5669761534,0,53317,5669748250,5669794636
343,0,5686339523,5686339799,0,55945,5686326369,5686375486
344,0,5702917772,5702918063,0,52685,5702904727,5702950515
345,0,5719496021,5719496325,0,52847,5719482999,5719528976
346,0,5736074271,5736074536,0,54733,5736060876,5736109086
347,0,5752652520,5752652797,0,52653,5752639447,5752685258
348,0,5769230769,5769231011,0,51457,5769217553,5769262236
349,0,5785809019,5785809290,0,51613,5785795932,5785840648
350,0,5802387268,5802387523,0,51505,5802373884,5802418794
351,0,5818965517,5818965802,0,51039,5818952051,5818996609
352,0,5835543767,5835544063,0,51711,5835530449,5835574652
353,0,5852122016,5852122304,0,51231,5852108575,5852153382
354,0,5868700265,5868700573,0,50514,5868686741,5868730865
355,0,5885278515,5885278782,0,51865,5885265134,5885310420
356,0,5901856764,5901857037,0,69972,5901843426,5901906689
357,0,5918435013,5918435277,0,70497,5918421673,5918485573
358,0,5935013263,5935013532,0,82347,5934999625,5935061727
359,0,5951591512,5951592097,0,73023,5951586775,5951644630
360,0,5968169761,5968170399,0,90631,5968166238,5968240585
361,0,5984748011,5984748957,0,95143,5984753840,5984823607
362,0,6001326260,6001327129,0,84643,6001326826,6001390853
363,0,6017904509,6017905022,0,63996,6017894376,6017948662
364,0,6034482759,6034483342,0,69672,6034476058,6034532378
365,0,6051061008,6051061390,0,61679,6051049842,6051102874
366,0,6067639257,6067639596,0,58315,6067626833,6067677284
367,0,6084217507,6084217814,0,62416,6084210817,6084259963
368,0,6100795756,6100796277,0,67819,6100787382,6100843532
369,0,6117374005,6117374828,0,61294,6117363221,6117415810
370,0,6133952255,6133952514,0,55477,6133939085,6133987778
371,0,6150530504,6150530822,0,54742,6150517547,6150565367
372,0,6167108753,6167109019,0,52561,6167096258,6167141313
373,0,6183687003,6183687280,0,51360,6183673783,6183718423
374,0,6200265252,6200265552,0,85053,6200252334,6200330288
375,0,6216843501,6216843794,0,52135,6216830063,6216875769
376,0,6233421751,6233422010,0,82188,6233408199,6233484003
377,0,6250000000,6250000283,0,75664,6249992436,6250055664
378,0,6266578249,6266578545,0,68397,6266564823,6266626751
379,0,6283156499,6283162804,0,85173,6283150261,6283227675
380,0,6299734748,6299735068,0,59682,6299724210,6299774503
381,0,6316312997,6316313262,0,69284,6316299881,6316362313
382,0,6332891247,6332891523,0,69811,6332877819,6332941065
383,0,6349469496,6349469773,0,68520,6349455925,6349518042
384,0,6366047745,6366047998,0,70114,6366034241,6366097960
385,0,6382625995,6382626283,0,69287,6382612530,6382675271
386,0,6399204244,6399204702,0,60362,6399194666,6399244735
387,0,6415782493,6415783304,0,84446,6415782795,6415847065
388,0,6432360743,6432361542,0,79774,6432358931,6432420793
389,0,6448938992,6448939535,0,74410,6448934675,6448993545
390,0,6465517241,6465517550,0,55915,6465504060,6465553179
391,0,6482095491,6482095831,0,56793,6482082218,6482132320
392,0,6498673740,6498674015,0,53121,6498660437,6498706884
393,0,6515251989,6515252297,0,55324,6515239205,6515287364
394,0,6531830239,6531830536,0,58392,6531822838,6531868712
395,0,6548408488,6548408749,0,53133,6548395347,6548441644
396,0,6564986737,6564987016,0,51535,6564973486,6565018411
397,0,6581564987,6581565236,0,51421,6581551808,6581596468
398,0,6598143236,6598143516,0,51514,6598129811,6598174809
399,0,6614721485,6614721758,0,51896,6614708046,6614753418
400,0,6631299735,6631300008,0,86314,6631286405,6631349895
401,0,6647877984,6647878229,0,69695,6647864688,6647927614
402,0,6664456233,6664456517,0,68939,6664442694,6664505120
403,0,6681034483,6681034789,0,71552,6681023866,6681086004
404,0,6697612732,6697612992,0,51272,6697599406,6697644014
405,0,6714190981,6714194022,0,84497,6714180967,6714258274
406,0,6730769231,6730769483,0,51425,6730755762,6730800664
407,0,6747347480,6747347750,0,68493,6747333866,6747396005
408,0,6763925729,6763926032,0,68619,6763912282,6763974406
409,0,6780503979,6780504264,0,68900,6780490388,6780552820
410,0,6797082228,6797082487,0,74117,6797071766,6797136274
411,0,6813660477,6813660767,0,53356,6813647261,6813693975
412,0,6830238727,6830239040,0,70833,6830225445,6830289614
413,0,6846816976,6846817263,0,69359,6846803643,6846866388
414,0,6863395225,6863395492,0,69133,6863381794,6863444386
415,0,6879973475,6879973763,0,69669,6879960024,6880023213
416,0,6896551724,6896552024,0,68692,6896538223,6896600428
417,0,6913129973,6913130548,0,85551,6913131862,6913195760
418,0,6929708223,6929708538,0,75433,6929696931,6929763683
419,0,6946286472,6946286743,0,69582,6946273304,6946336060
420,0,6962864721,6962864990,0,69667,6962851560,6962914397
421,0,6979442971,6979443242,0,55134,6979430454,6979478188
422,0,6996021220,6996021745,0,72135,6996015808,6996073595
423,0,7012599469,7012609060,0,85294,7012602759,7012674019
424,0,7029177719,7029178570,0,100001,7029193400,7029258113
425,0,7045755968,7045756335,0,60964,7045745332,7045796925
426,0,7062334218,7062334535,0,55070,7062321239,7062369335
427,0,7078912467,7078912750,0,53512,7078899311,7078946038
428,0,7095490716,7095491031,0,52791,7095477721,7095523569
429,0,7112068966,7112069254,0,54765,7112056128,7112103850
430,0,7128647215,7128648074,0,96265,7128645443,7128723983
431,0,7145225464,7145226157,0,68515,7145219053,7145274272
432,0,7161803714,7161804398,0,78636,7161801479,7161862474
433,0,7178381963,7178382535,0,66853,7178374035,7178429016
434,0,7194960212,7194960660,0,65515,7194951176,7195005670
435,0,7211538462,7211538740,0,57039,7211525774,7211575523
436,0,7228116711,7228116994,0,98005,7228103476,7228194706
437,0,7244694960,7244695811,0,105966,7244697492,7244781127
438,0,7261273210,7261273910,0,83090,7261272377,7261336491
439,0,7277851459,7277852106,0,77072,7277848139,7277908799
440,0,7294429708,7294430203,0,69119,7294422331,7294478893
441,0,7311007958,7311008601,0,55984,7310995854,7311044416
442,0,7327586207,7327586477,0,53804,7327572680,7327620054
443,0,7344164456,7344164871,0,59924,7344153728,7344204533
444,0,7360742706,7360742967,0,53814,7360729692,7360776554
445,0,7377320955,7377321237,0,54287,7377307986,7377355309
446,0,7393899204,7393899490,0,52798,7393885911,7393932037
447,0,7410477454,7410477736,0,53207,7410464355,7410510776
448,0,7427055703,7427055991,0,52847,7427042477,7427088590
449,0,7443633952,7443634257,0,54681,7443621246,7443668749
450,0,7460212202,7460212488,0,69754,7460198654,7460261942
451,0,7476790451,7476790776,0,52909,7476777131,7476823453
452,0,7493368700,7493368960,0,52332,7493355621,7493401173
453,0,7509946950,7509947216,0,51963,7509933739,7509978962
454,0,7526525199,7526525481,0,51604,7526511676,7526556869
455,0,7543103448,7543103731,0,88807,7543090040,7543172209
456,0,7559681698,7559681983,0,72117,7559668437,7559731994
457,0,7576259947,7576260213,0,69383,7576246552,7576309282
458,0,7592838196,7592838499,0,68337,7592824767,7592886545
459,0,7609416446,7609416744,0,50752,7609402945,7609447267
460,0,7625994695,7625994980,0,51552,7625981551,7626026291
461,0,7642572944,7642573202,0,51300,7642559524,7642604279
462,0,7659151194,7659151451,0,65118,7659151551,7659196400
463,0,7675729443,7675729698,0,51238,7675715879,7675760703
464,0,7692307692,7692307978,0,51015,7692294332,7692338788
465,0,7708885942,7708886202,0,50605,7708872490,7708916594
466,0,7725464191,7725464471,0,51120,7725450732,7725495357
467,0,7742042440,7742042719,0,50878,7742029087,7742073398
468,0,7758620690,7758620968,0,51553,7758607578,7758652318
469,0,7775198939,7775199196,0,82477,7775185433,7775261390
470,0,7791777188,7791777765,0,72565,7791772397,7791830004
471,0,7808355438,7808355967,0,73885,7808351736,7808409490
472,0,7824933687,7824934258,0,81151,7824932298,7824994990
473,0,7841511936,7841512419,0,88559,7841506740,7841580559
474,0,7858090186,7858090604,0,86460,7858079162,7858156684
475,0,7874668435,7874668753,0,53268,7874655325,7874701843
476,0,7891246684,7891246963,0,53651,7891233574,7891280392
477,0,7907824934,7907825191,0,53052,7907811856,7907858070
478,0,7924403183,7924403446,0,54347,7924390111,7924437589
479,0,7940981432,7940981721,0,53126,7940968368,7941014676
480,0,7957559682,7957559944,0,55339,7957547289,7957595030
481,0,7974137931,7974153492,0,84826,7974140272,7974218040
482,0,7990716180,7990716434,0,51348,7990702701,7990747587
483,0,8007294430,8007294690,0,83166,8007280871,8007343715
484,0,8023872679,8023872940,0,68614,8023859208,8023921254
485,0,8040450928,8040451216,0,69146,8040437527,8040500058
486,0,8057029178,8057029455,0,52846,8057017353,8057062055
487,0,8073607427,8073607772,0,53350,8073594303,8073640936
488,0,8090185676,8090185947,0,51717,8090172336,8090217462
489,0,8106763926,8106764200,0,51317,8106750571,8106795331
490,0,8123342175,8123342455,0,51379,8123328550,8123373668
491,0,8139920424,8139920704,0,51435,8139907084,8139952003
492,0,8156498674,8156498961,0,54633,8156485770,8156533359
493,0,8173076923,8173077786,0,154608,8173077666,8173211655
494,0,8189655172,8189655821,0,79045,8189652924,8189714319
495,0,8206233422,8206234094,0,72740,8206228856,8206286496
496,0,8222811671,8222812088,0,73394,8222799292,8222865165
497,0,8239389920,8239390188,0,83204,8239376468,8239453214
498,0,8255968170,8255968637,0,60674,8255958340,8256008904
499,0,8272546419,8272547001,0,71116,8272540796,8272597664
500,0,8289124668,8289125132,0,105391,8289139318,8289210026
501,0,8305702918,8305703690,0,75227,8305698829,8305758515
502,0,8322281167,8322281625,0,61614,8322270692,8322322799
503,0,8338859416,8338859857,0,65096,8338849979,8338904640
504,0,8355437666,8355437956,0,55356,8355424842,8355473040
505,0,8372015915,8372030237,0,74940,8372017535,8372084567
506,0,8388594164,8388594667,0,66911,8388585413,8388641075
507,0,8405172414,8405172699,0,54166,8405159375,8405206633
508,0,8421750663,8421750962,0,53785,8421737325,8421784521
509,0,8438328912,8438329191,0,52585,8438315585,8438361618
510,0,8454907162,8454907439,0,52513,8454893757,8454939733
511,0,8471485411,8471485689,0,51455,8471472026,8471516947
512,0,8488063660,8488063937,0,74206,8488050754,8488117888
513,0,8504641910,8504642164,0,51798,8504628794,8504673769
514,0,8521220159,8521220421,0,68210,8521206557,8521268411
515,0,8537798408,8537798716,0,62563,8537788871,8537841059
516,0,8554376658,8554377093,0,70975,8554371097,8554427589
517,0,8570954907,8570955660,0,106909,8570950364,8571042162
518,0,8587533156,8587533728,0,78116,8587530454,8587591398
519,0,8604111406,8604112188,0,101649,8604115229,8604193424
520,0,8620689655,8620689939,0,70383,8620676150,8620738184
521,0,8637267905,8637268150,0,68524,8637254554,8637316415
522,0,8653846154,8653846415,0,70335,8653832537,8653896456
523,0,8670424403,8670424705,0,53315,8670411125,8670457777
524,0,8687002653,8687002949,0,53515,8686989939,8687036174
525,0,8703580902,8703581188,0,53761,8703568162,8703614721
526,0,8720159151,8720159425,0,53865,8720145806,8720193006
527,0,8736737401,8736737682,0,52574,8736723933,8736770027
528,0,8753315650,8753315914,0,52618,8753302336,8753348271
529,0,8769893899,8769894205,0,51166,8769880531,8769925153
530,0,8786472149,8786472418,0,53210,8786458864,8786505391
531,0,8803050398,8803051098,0,81144,8803047511,8803111883
532,0,8819628647,8819629328,0,76568,8819625638,8819685344
533,0,8836206897,8836207456,0,77299,8836203839,8836264340
534,0,8852785146,8852785652,0,81484,8852776937,8852846744
535,0,8869363395,8869363673,0,54603,8869350160,8869397991
536,0,8885941645,8885941915,0,53103,8885928371,8885974815
537,0,8902519894,8902520311,0,59089,8902508742,8902559210
538,0,8919098143,8919098432,0,57003,8919084767,8919135172
539,0,8935676393,8935676666,0,53196,8935663307,8935709624
540,0,8952254642,8952254947,0,52722,8952241325,8952287419
541,0,8968832891,8968833188,0,51804,8968819730,8968864745
542,0,8985411141,8985411404,0,83137,8985397785,8985460080
543,0,9001989390,9001989699,0,86247,9001990837,9002055797
544,0,9018567639,9018567925,0,51715,9018554299,9018599465
545,0,9035145889,9035154026,0,84308,9035141630,9035218114
546,0,9051724138,9051724429,0,51527,9051710600,9051755725
547,0,9068302387,9068302651,0,51638,9068288913,9068334115
548,0,9084880637,9084880931,0,51085,9084867296,9084911809
549,0,9101458886,9101459169,0,54967,9101445922,9101493911
550,0,9118037135,9118037389,0,73326,9118026053,9118090434
551,0,9134615385,9134615656,0,51252,9134602023,9134646705
552,0,9151193634,9151193891,0,51271,9151180242,9151224927
553,0,9167771883,9167772160,0,51010,9167758284,9167803032
554,0,9184350133,9184350421,0,50441,9184336754,9184380700
555,0,9200928382,9200928671,0,51541,9200915247,9200960031
556,0,9217506631,9217506952,0,53803,9217494102,9217540577
557,0,9234084881,9234085161,0,74133,9234071506,9234139047
558,0,9250663130,9250663409,0,68416,9250649645,9250711547
559,0,9267241379,9267242546,0,69499,9267235755,9267291549
560,0,9283819629,9283820241,0,71901,9283813724,9283871745
561,0,9300397878,9300398435,0,76034,9300394061,9300454110
562,0,9316976127,9316977112,0,75658,9316971777,9317032241
563,0,9333554377,9333554665,0,77950,9333547529,9333612187
564,0,9350132626,9350132877,0,69603,9350119302,9350182141
565,0,9366710875,9366711180,0,53393,9366697924,9366744376
566,0,9383289125,9383289411,0,54731,9383276294,9383323903
567,0,9399867374,9399867736,0,60294,9399856484,9399907832
568,0,9416445623,9416446445,0,84201,9416446166,9416510002
569,0,9433023873,9433024577,0,80956,9433022480,9433085070
570,0,9449602122,9449602653,0,75402,9449596836,9449657280
571,0,9466180371,9466180823,0,60799,9466169395,9466221244
572,0,9482758621,9482759183,0,81015,9482749228,9482819605
573,0,9499336870,9499337196,0,59658,9499324868,9499376653
574,0,9515915119,9515915395,0,55957,9515902251,9515951115
575,0,9532493369,9532493787,0,91220,9532482167,9532564732
576,0,9549071618,9549071893,0,85944,9549058208,9549137533
577,0,9565649867,9565650182,0,69219,9565636672,9565699104
578,0,9582228117,9582228393,0,59079,9582221221,9582267281
579,0,9598806366,9598806659,0,68933,9598792912,9598855368
580,0,9615384615,9615384898,0,69861,9615387679,9615434523
581,0,9631962865,9631963222,0,52256,9631949915,9631995258
582,0,9648541114,9648541395,0,82666,9648527702,9648603811
583,0,9665119363,9665119615,0,68325,9665105958,9665167685
584,0,9681697613,9681697923,0,70470,9681684456,9681748143
585,0,9698275862,9698276165,0,68879,9698262767,9698324761
586,0,9714854111,9714854401,0,68531,9714840516,9714902773
587,0,9731432361,9731432648,0,68652,9731418919,9731481029
588,0,9748010610,9748010875,0,68045,9747996980,9748058642
589,0,9764588859,9764589107,0,69094,9764575833,9764637891
590,0,9781167109,9781167390,0,66986,9781154171,9781198523
591,0,9797745358,9797745635,0,51396,9797732235,9797776876
592,0,9814323607,9814323880,0,70441,9814310527,9814355534
593,0,9830901857,9830902124,0,51754,9830888588,9830933709
594,0,9847480106,9847480385,0,83000,9847466593,9847543211
595,0,9864058355,9864058706,0,71200,9864045167,9864109631
596,0,9880636605,9880636877,0,69635,9880623188,9880686171
597,0,9897214854,9897215130,0,68464,9897201483,9897263344
598,0,9913793103,9913793644,0,73216,9913788573,9913846548
599,0,9930371353,9930372423,0,135389,9930389350,9930487189
600,0,9946949602,9946950400,0,88108,9946952146,9947017928
601,0,9963527851,9963528391,0,74687,9963522695,9963582720
602,0,9980106101,9980106380,0,59317,9980095302,9980145411
603,0,9996684350,9996684623,0,55019,9996671307,9996719467
604,0,10013262599,10013262900,0,54776,10013249399,10013297412
605,0,10029840849,10029841166,0,53611,10029827951,10029874544
606,0,10046419098,10046419397,0,57460,10046406652,10046456643
607,0,10062997347,10062997637,0,58148,10062989817,10063035193
608,0,10079575597,10079575883,0,51474,10079562138,10079607185
609,0,10096153846,10096154124,0,51366,10096140514,10096185271
610,0,10112732095,10112747345,0,56352,10112734374,10112783456
611,0,10129310345,10129310632,0,83361,10129297030,10129373731
612,0,10145888594,10145888863,0,74155,10145876815,10145942791
613,0,10162466844,10162467104,0,69364,10162453783,10162516301
614,0,10179045093,10179045373,0,52575,10179031762,10179077731
615,0,10195623342,10195623607,0,83258,10195610185,10195686357
616,0,10212201592,10212202121,0,74443,10212197774,10212256223
617,0,10228779841,10228780390,0,108643,10228776978,10228868676
618,0,10245358090,10245358894,0,137367,10245359200,10245475454
619,0,10261936340,10261936979,0,74174,10261932026,10261990884
620,0,10278514589,10278514905,0,55494,10278501689,10278550195
621,0,10295092838,10295093128,0,55942,10295080007,10295128864
622,0,10311671088,10311671373,0,60818,10311664938,10311711928
623,0,10328249337,10328251820,0,69010,10328238631,10328300656
624,0,10344827586,10344827898,0,52971,10344814436,10344860591
625,0,10361405836,10361406243,0,54002,10361392901,10361440054
626,0,10377984085,10377984364,0,51358,10377970624,10378015545
627,0,10394562334,10394562642,0,82910,10394548890,10394625161
628,0,10411140584,10411140849,0,51436,10411127105,10411172061
629,0,10427718833,10427719131,0,51502,10427705394,10427750439
630,0,10444297082,10444297379,0,51754,10444283934,10444328945
631,0,10460875332,10460875607,0,54063,10460862229,10460909492
632,0,10477453581,10477453856,0,88994,10477445584,10477522592
633,0,10494031830,10494032120,0,69275,10494018642,10494081084
634,0,10510610080,10510610367,0,50947,10510596502,10510641068
635,0,10527188329,10527188636,0,51199,10527174806,10527219651
636,0,10543766578,10543767019,0,64315,10543758027,10543811059
637,0,10560344828,10560345715,0,76092,10560342486,10560401335
638,0,10576923077,10576923635,0,71673,10576915716,10576974818
639,0,10593501326,10593502150,0,99373,10593499514,10593580937
640,0,10610079576,10610080321,0,193155,10610097036,10610252822
641,0,10626657825,10626658590,0,146161,10626661719,10626784202
642,0,10643236074,10643236833,0,88149,10643236105,10643304123
643,0,10659814324,10659815336,0,77297,10659810989,10659872241
644,0,10676392573,10676392967,0,64297,10676382531,10676436794
645,0,10692970822,10692971117,0,55269,10692958008,10693006098
646,0,10709549072,10709549367,0,54295,10709535841,10709583460
647,0,10726127321,10726127626,0,59632,10726120334,10726167055
648,0,10742705570,10742705857,0,53894,10742692385,10742739577
649,0,10759283820,10759284080,0,51218,10759270270,10759315136
650,0,10775862069,10775862350,0,54397,10775849060,10775896556
651,0,10792440318,10792440579,0,82935,10792426866,10792503276
652,0,10809018568,10809018827,0,51053,10809005106,10809049666
653,0,10825596817,10825597075,0,51165,10825583351,10825627980
654,0,10842175066,10842175317,0,51185,10842161712,10842206283
655,0,10858753316,10858753567,0,51220,10858739867,10858784570
656,0,10875331565,10875331868,0,52561,10875318308,10875364274
657,0,10891909814,10891910067,0,52006,10891896568,10891941870
658,0,10908488064,10908488352,0,68800,10908474524,10908536803
659,0,10925066313,10925066607,0,70295,10925052881,10925116681
660,0,10941644562,10941644839,0,51433,10941631154,10941676070
661,0,10958222812,10958223090,0,51690,10958209602,10958254647
662,0,10974801061,10974801387,0,55649,10974788607,10974836793
663,0,10991379310,10991379561,0,85275,10991366425,10991444585
664,0,11007957560,11007957908,0,52210,11007944433,11007989889
665,0,11024535809,11024536064,0,82183,11024522270,11024597732
666,0,11041114058,11041114352,0,100138,11041117098,11041194175
667,0,11057692308,11057692605,0,69068,11057678785,11057741436
668,0,11074270557,11074270831,0,68236,11074257170,11074318758
669,0,11090848806,11090849435,0,69230,11090841765,11090898398
670,0,11107427056,11107427764,0,75911,11107423600,11107483281
671,0,11124005305,11124006087,0,78251,11124003376,11124063969
672,0,11140583554,11140584056,0,76705,11140578150,11140637274
673,0,11157161804,11157162186,0,56163,11157149189,11157198105
674,0,11173740053,11173740320,0,53299,11173726719,11173773409
675,0,11190318302,11190318738,0,60089,11190307430,11190358638
676,0,11206896552,11206896853,0,54038,11206883537,11206930648
677,0,11223474801,11223475071,0,58259,11223467266,11223513100
678,0,11240053050,11240053332,0,52937,11240039961,11240086045
679,0,11256631300,11256631563,0,51317,11256617868,11256662698
680,0,11273209549,11273209822,0,51296,11273196129,11273240884
681,0,11289787798,11289788054,0,53422,11289774904,11289821323
682,0,11306366048,11306366324,0,54135,11306352640,11306400200
683,0,11322944297,11322944556,0,51335,11322930767,11322975712
684,0,11339522546,11339522824,0,51412,11339509068,11339554030
685,0,11356100796,11356101039,0,53061,11356087533,11356133889
686,0,11372679045,11372679315,0,51207,11372665990,11372710376
687,0,11389257294,11389257574,0,51358,11389244039,11389288768
688,0,11405835544,11405835840,0,51582,11405822415,11405867209
689,0,11422413793,11422414057,0,53085,11422400531,11422446873
690,0,11438992042,11438992566,0,77544,11438988992,11439049800
691,0,11455570292,11455570893,0,99699,11455569294,11455650166
692,0,11472148541,11472149110,0,96329,11472164631,11472225074
693,0,11488726790,11488727109,0,60205,11488715765,11488767035
694,0,11505305040,11505305305,0,71364,11505292292,11505356372
695,0,11521883289,11521883595,0,69319,11521869911,11521932654
696,0,11538461538,11538461790,0,68836,11538448232,11538510381
697,0,11555039788,11555040028,0,69027,11555026253,11555088787
698,0,11571618037,11571618304,0,68155,11571604482,11571666189
699,0,11588196286,11588196554,0,68689,11588182867,11588244974
700,0,11604774536,11604774809,0,69722,11604761155,11604824335
701,0,11621352785,11621353044,0,69066,11621339327,11621401861
702,0,11637931034,11637931308,0,71544,11637919595,11637982495
703,0,11654509284,11654509540,0,67901,11654495834,11654557031
704,0,11671087533,11671087844,0,89296,11671075452,11671156663
705,0,11687665782,11687666177,0,59262,11687654801,11687705197
706,0,11704244032,11704244791,0,68097,11704236201,11704292539
707,0,11720822281,11720823040,0,74041,11720817638,11720876653
708,0,11737400531,11737401222,0,63554,11737390375,11737444389
709,0,11753978780,11753979069,0,57399,11753966732,11754016235
710,0,11770557029,11770557304,0,53945,11770544275,11770591034
711,0,11787135279,11787135560,0,56864,11787123365,11787172045
712,0,11803713528,11803713922,0,63603,11803703911,11803757224
713,0,11820291777,11820292093,0,53629,11820278589,11820325519
714,0,11836870027,11836870352,0,53652,11836856699,11836903803
715,0,11853448276,11853448592,0,53574,11853435001,11853481965
716,0,11870026525,11870026832,0,55847,11870013485,11870062455
717,0,11886604775,11886605066,0,82831,11886591626,11886667625
718,0,11903183024,11903183292,0,54625,11903169960,11903217703
719,0,11919761273,11919761554,0,70152,11919747821,11919811475
720,0,11936339523,11936339785,0,68404,11936326043,11936387897
721,0,11952917772,11952918062,0,69125,11952904351,11952966928
722,0,11969496021,11969496325,0,68896,11969482621,11969544921
723,0,11986074271,11986074527,0,77588,11986066629,11986131843
724,0,12002652520,12002652802,0,51182,12002639072,12002683778
725,0,12019230769,12019231070,0,52107,12019217493,12019263023
726,0,12035809019,12035809311,0,52024,12035795576,12035841162
727,0,12052387268,12052387547,0,83634,12052373815,12052450894
728,0,12068965517,12068965765,0,50890,12068952089,12068996455
729,0,12085543767,12085544134,0,51519,12085530687,12085575469
730,0,12102122016,12102122259,0,50892,12102108505,12102152921
731,0,12118700265,12118700550,0,51845,12118686754,12118732226
732,0,12135278515,12135278763,0,83613,12135264937,12135341973
733,0,12151856764,12151857017,0,53915,12151844028,12151890729
734,0,12168435013,12168435275,0,84741,12168421891,12168499474
735,0,12185013263,12185013516,0,68727,12185000089,12185062069
736,0,12201591512,12201591803,0,69209,12201578287,12201640685
737,0,12218169761,12218175435,0,69112,12218162371,12218224274
738,0,12234748011,12234748297,0,69249,12234734444,12234797228
739,0,12251326260,12251326513,0,68475,12251312713,12251374683
740,0,12267904509,12267904790,0,57783,12267897074,12267942338
741,0,12284482759,12284483027,0,82810,12284469516,12284545587
742,0,12301061008,12301061281,0,93087,12301047654,12301134182
743,0,12317639257,12317639531,0,52221,12317625839,12317671585
744,0,12334217507,12334217790,0,83011,12334204211,12334280421
745,0,12350795756,12350796019,0,51204,12350782210,12350827050
746,0,12367374005,12367374289,0,82592,12367360523,12367436581
747,0,12383952255,12383952565,0,69093,12383938804,12384001487
748,0,12400530504,12400530800,0,51058,12400517120,12400561694
749,0,12417108753,12417109406,0,57125,12417097779,12417146340
750,0,12433687003,12433687274,0,70636,12433674087,12433737661
751,0,12450265252,12450265538,0,69490,12450251780,12450314747
752,0,12466843501,12466843801,0,68974,12466830047,12466892495
753,0,12483421751,12483422028,0,68987,12483408404,12483470711
754,0,12500000000,12500000272,0,51103,12499986495,12500031150
755,0,12516578249,12516578536,0,51456,12516564832,12516609826
756,0,12533156499,12533169474,0,52704,12533156013,12533201984
757,0,12549734748,12549735061,0,52022,12549721404,12549766886
758,0,12566312997,12566313260,0,68627,12566299650,12566361665
759,0,12582891247,12582891514,0,52073,12582878139,12582923411
760,0,12599469496,12599469803,0,54056,12599456231,12599501214
761,0,12616047745,12616048038,0,51618,12616034594,12616079453
762,0,12632625995,12632626276,0,51569,12632612621,12632657637
763,0,12649204244,12649204491,0,83209,12649190810,12649267447
764,0,12665782493,12665782795,0,51189,12665769015,12665813775
765,0,12682360743,12682361021,0,51088,12682347304,12682391882
766,0,12698938992,12698939250,0,51083,12698925572,12698970119
767,0,12715517241,12715517535,0,51457,12715503780,12715548854
768,0,12732095491,12732095756,0,91396,12732082041,12732166826
769,0,12748673740,12748673989,0,70315,12748660377,12748723975
770,0,12765251989,12765252280,0,68984,12765238537,12765300946
771,0,12781830239,12781830519,0,68834,12781816646,12781879065
772,0,12798408488,12798408784,0,55284,12798395780,12798443833
773,0,12814986737,12814987042,0,58497,12814975422,12815025310
774,0,12831564987,12831565389,0,79980,12831555306,12831624942
775,0,12848143236,12848144172,0,136123,12848147008,12848259794
776,0,12864721485,12864722328,0,107060,12864724378,12864808787
777,0,12881299735,12881300607,0,141709,12881303730,12881421631
778,0,12897877984,12897878627,0,80151,12897876445,12897938351
779,0,12914456233,12914456561,0,60208,12914444350,12914496465
780,0,12931034483,12931035214,0,66253,12931026507,12931080989
781,0,12947612732,12947613141,0,59153,12947600784,12947651943
782,0,12964190981,12964191318,0,56117,12964178882,12964227172
783,0,12980769231,12980769510,0,54585,12980756193,12980803842
784,0,12997347480,12997347763,0,54737,12997334498,12997382348
785,0,13013925729,13013926059,0,54140,13013912825,13013959986
786,0,13030503979,13030504266,0,53708,13030490629,13030537729
787,0,13047082228,13047082518,0,55634,13047069034,13047117903
788,0,13063660477,13063660719,0,51378,13063647100,13063691889
789,0,13080238727,13080238994,0,51255,13080225364,13080270071
790,0,13096816976,13096817349,0,87625,13096805904,13096884355
791,0,13113395225,13113395544,0,95573,13113385588,13113470775
792,0,13129973475,13129973763,0,78808,13129962799,13130032149
793,0,13146551724,13146568479,0,82863,13146567761,13146630941
794,0,13163129973,13163130371,0,67764,13163121817,13163177594
795,0,13179708223,13179708827,0,70219,13179701647,13179758623
796,0,13196286472,13196286838,0,57420,13196273695,13196323488
797,0,13212864721,13212865020,0,56043,13212851687,13212900847
798,0,13229442971,13229443239,0,55070,13229430103,13229478064
799,0,13246021220,13246021641,0,59064,13246009513,13246060375
800,0,13262599469,13262599803,0,55755,13262586553,13262635258
801,0,13279177719,13279178011,0,54600,13279164861,13279212344
802,0,13295755968,13295756279,0,55600,13295742995,13295791651
803,0,13312334218,13312334517,0,55080,13312321444,13312369311
804,0,13328912467,13328912791,0,55666,13328899529,13328948190
805,0,13345490716,13345491032,0,54543,13345477865,13345525399
806,0,13362068966,13362069285,0,71700,13362056278,13362120560
807,0,13378647215,13378647491,0,83465,13378634114,13378710774
808,0,13395225464,13395225750,0,74068,13395217895,13395279615
809,0,13411803714,13411803946,0,50806,13411790156,13411834650
810,0,13428381963,13428382229,0,50766,13428368454,13428412785
811,0,13444960212,13444960464,0,51326,13444946687,13444991584
812,0,13461538462,13461538799,0,53464,13461525515,13461572060
813,0,13478116711,13478116986,0,94098,13478103338,13478190858
814,0,13494694960,13494695229,0,68655,13494681592,13494743584
815,0,13511273210,13511273467,0,68345,13511259667,13511321543
816,0,13527851459,13527851713,0,68126,13527837958,13527899560
817,0,13544429708,13544429968,0,68809,13544416264,13544478494
818,0,13561007958,13561008273,0,54672,13560994840,13561042645
819,0,13577586207,13577586485,0,52873,13577573043,13577619117
820,0,13594164456,13594164724,0,52877,13594151133,13594197386
821,0,13610742706,13610742992,0,52713,13610729362,13610775554
822,0,13627320955,13627321292,0,88305,13627311289,13627389201
823,0,13643899204,13643899821,0,98671,13643894883,13643978025
824,0,13660477454,13660478536,0,126633,13660474712,13660584327
825,0,13677055703,13677056395,0,101682,13677052666,13677137675
826,0,13693633952,13693634278,0,55415,13693621327,13693669396
827,0,13710212202,13710212481,0,52786,13710198765,13710245068
828,0,13726790451,13726790735,0,59359,13726783180,13726829877
829,0,13743368700,13743368999,0,54128,13743355367,13743402941
830,0,13759946950,13759947205,0,52877,13759933972,13759979797
831,0,13776525199,13776525503,0,56981,13776512291,13776562257
832,0,13793103448,13793103748,0,55660,13793090216,13793139118
833,0,13809681698,13809681993,0,52860,13809668408,13809714604
834,0,13826259947,13826260248,0,52632,13826246489,13826292661
835,0,13842838196,13842838512,0,53753,13842825413,13842872067
836,0,13859416446,13859416701,0,51216,13859402972,13859447721
837,0,13875994695,13875994953,0,52492,13875981677,13876027209
838,0,13892572944,13892573210,0,69769,13892559851,13892622654
839,0,13909151194,13909151502,0,83104,13909151568,13909214324
840,0,13925729443,13925729742,0,68666,13925715972,13925778154
841,0,13942307692,13942308073,0,60001,13942296679,13942347862
842,0,13958885942,13958886235,0,58850,13958874424,13958924749
843,0,13975464191,13975464904,0,80710,13975462965,13975524677
844,0,13992042440,13992043167,0,101788,13992045606,13992124506
845,0,14008620690,14008621135,0,60144,14008609536,14008660867
846,0,14025198939,14025199331,0,63234,14025189720,14025242287
847,0,14041777188,14041777475,0,54955,14041764357,14041812219
848,0,14058355438,14058355739,0,56494,14058343202,14058391962
849,0,14074933687,14074933998,0,57028,14074921104,14074970756
850,0,14091511936,14091512250,0,56983,14091499405,14091548916
851,0,14108090186,14108090470,0,53967,14108076752,14108124258
852,0,14124668435,14124668722,0,52993,14124655076,14124701477
853,0,14141246684,14141247054,0,53520,14141233749,14141280377
854,0,14157824934,14157825204,0,56610,14157817438,14157861598
855,0,14174403183,14174403501,0,82640,14174389870,14174465919
856,0,14190981432,14190981694,0,70783,14190968468,14191032187
857,0,14207559682,14207559954,0,68309,14207546114,14207608058
858,0,14224137931,14224146558,0,98854,14224133470,14224211179
859,0,14240716180,14240716464,0,68413,14240702661,14240764625
860,0,14257294430,14257294721,0,74582,14257283854,14257345705
861,0,14273872679,14273872941,0,68663,14273859505,14273921282
862,0,14290450928,14290451218,0,72143,14290438900,14290503049
863,0,14307029178,14307029456,0,53438,14307015873,14307062684
864,0,14323607427,14323607691,0,54353,14323594080,14323641765
865,0,14340185676,14340186135,0,85940,14340179547,14340251583
866,0,14356763926,14356764479,0,73257,14356759329,14356816979
867,0,14373342175,14373342744,0,77164,14373339302,14373399239
868,0,14389920424,14389920869,0,63748,14389910948,14389964063
869,0,14406498674,14406499015,0,57800,14406486323,14406536502
870,0,14423076923,14423077197,0,55356,14423063573,14423112363
871,0,14439655172,14439655448,0,53777,14439642040,14439689034
872,0,14456233422,14456233696,0,54057,14456219962,14456267568
873,0,14472811671,14472811948,0,51226,14472798428,14472842992
874,0,14489389920,14489390202,0,88265,14489381824,14489444654
875,0,14505968170,14505968452,0,71425,14505955200,14506019595
876,0,14522546419,14522546711,0,69790,14522533002,14522596176
877,0,14539124668,14539124957,0,103572,14539130514,14539208238
878,0,14555702918,14555703173,0,83232,14555689589,14555766173
879,0,14572281167,14572281476,0,51709,14572267951,14572313010
880,0,14588859416,14588859691,0,55173,14588849346,14588894672
881,0,14605437666,14605437976,0,54801,14605425340,14605472600
882,0,14622015915,14622016174,0,51389,14622002326,14622047346
883,0,14638594164,14638594453,0,51414,14638580702,14638625698
884,0,14655172414,14655172724,0,92073,14655159194,14655244530
885,0,14671750663,14671750963,0,51717,14671737582,14671782491
886,0,14688328912,14688329195,0,51454,14688315374,14688360429
887,0,14704907162,14704907472,0,54599,14704894180,14704941830
888,0,14721485411,14721485656,0,69282,14721471988,14721534690
889,0,14738063660,14738063946,0,69983,14738050369,14738113697
890,0,14754641910,14754642193,0,51564,14754628639,14754673523
891,0,14771220159,14771220442,0,82926,14771206674,14771269461
892,0,14787798408,14787798715,0,53204,14787785482,14787831703
893,0,14804376658,14804885309,0,68919,14804872719,14804933857
894,0,14820954907,14820955187,0,74143,14820944092,14821008991
895,0,14837533156,14837533406,0,69703,14837519727,14837582844
896,0,14854111406,14854112689,0,53089,14854099375,14854145555
897,0,14870689655,14870690190,0,73501,14870683734,14870743206
898,0,14887267905,14887268525,0,75683,14887264031,14887323833
899,0,14903846154,14903846635,0,78973,14903843875,14903905151
900,0,14920424403,14920424983,0,91740,14920413809,14920496169
901,0,14937002653,14937002925,0,69544,14936989146,14937052127
902,0,14953580902,14953581184,0,68919,14953567403,14953629770
903,0,14970159151,14970159414,0,53449,14970145788,14970192650
904,0,14986737401,14986737667,0,53801,14986724127,14986771215
905,0,15003315650,15003315915,0,53396,15003302462,15003349103
906,0,15019893899,15019894257,0,53936,15019881067,15019927991
907,0,15036472149,15036472462,0,53042,15036459187,15036505215
908,0,15053050398,15053050707,0,52668,15053037112,15053083121
909,0,15069628647,15069628991,0,58813,15069617828,15069667603
910,0,15086206897,15086207367,0,66185,15086201775,15086253237
911,0,15102785146,15102785578,0,64368,15102776175,15102829598
912,0,15119363395,15119364143,0,82986,15119362921,15119426625
913,0,15135941645,15135942374,0,83708,15135941701,15136005477
914,0,15152519894,15152520284,0,62485,15152509349,15152562440
915,0,15169098143,15169098705,0,105063,15169089401,15169183468
916,0,15185676393,15185676690,0,56777,15185663239,15185713188
917,0,15202254642,15202254902,0,54054,15202241488,15202288757
918,0,15218832891,15218833297,0,75393,15218821916,15218888240
919,0,15235411141,15235411404,0,70072,15235397899,15235461163
920,0,15251989390,15251989686,0,51309,15251975936,15252020793
921,0,15268567639,15268567893,0,69659,15268554561,15268617324
922,0,15285145889,15285146159,0,69692,15285132415,15285195543
923,0,15301724138,15301724416,0,51454,15301710711,15301755609
924,0,15318302387,15318302712,0,66161,15318293376,15318348450
925,0,15334880637,15334881069,0,72603,15334875229,15334933397
926,0,15351458886,15351459618,0,86276,15351459831,15351524894
927,0,15368037135,15368037649,0,71899,15368031104,15368089209
928,0,15384615385,15384615658,0,55255,15384602546,15384650464
929,0,15401193634,15401193921,0,53125,15401180655,15401226864
930,0,15417771883,15417772155,0,53528,15417758807,15417805459
931,0,15434350133,15434350398,0,60346,15434343622,15434390586
932,0,15450928382,15450928832,0,60270,15450917749,15450968772
933,0,15467506631,15467506900,0,83620,15467493367,15467570311
934,0,15484084881,15484085148,0,71040,15484071443,15484135900
935,0,15500663130,15500663419,0,68210,15500649705,15500711414
936,0,15517241379,15517241648,0,68616,15517227950,15517290010
937,0,15533819629,15533819897,0,68551,15533806033,15533868123
938,0,15550397878,15550398138,0,54274,15550384679,15550432147
939,0,15566976127,15566976376,0,72065,15566962978,15567028092
940,0,15583554377,15583554624,0,82986,15583540975,15583617225
941,0,15600132626,15600132916,0,51085,15600119290,15600163806
942,0,15616710875,15616711154,0,51276,15616697367,15616742245
943,0,15633289125,15633289397,0,53763,15633275801,15633322904
944,0,15649867374,15649867639,0,82779,15649853784,15649916423
945,0,15666445623,15666445896,0,61964,15666435855,15666487566
946,0,15683023873,15683024485,0,72548,15683018831,15683076575
947,0,15699602122,15699602754,0,76160,15699597968,15699658541
948,0,15716180371,15716180884,0,73115,15716175743,15716233501
949,0,15732758621,15732759202,0,72483,15732746004,15732811342
950,0,15749336870,15749337123,0,68910,15749323452,15749385779
951,0,15765915119,15765915514,0,59179,15765903459,15765954460
952,0,15782493369,15782493645,0,54503,15782480253,15782527926
953,0,15799071618,15799071909,0,54777,15799058360,15799106493
954,0,15815649867,15815650161,0,53209,15815636849,15815683198
955,0,15832228117,15832228414,0,53266,15832215155,15832261529
956,0,15848806366,15848806653,0,52588,15848793033,15848839055
957,0,15865384615,15865384880,0,89229,15865372209,15865453855
958,0,15881962865,15881963172,0,69508,15881949534,15882012407
959,0,15898541114,15898541394,0,69029,15898527756,15898590153
960,0,15915119363,15915119668,0,54348,15915106538,15915153764
961,0,15931697613,15931698140,0,74131,15931694619,15931751944
962,0,15948275862,15948276565,0,76801,15948273307,15948332902
963,0,15964854111,15964854786,0,108696,15964877773,15964942669
964,0,15981432361,15981432757,0,63978,15981422131,15981476266
965,0,15998010610,15998010933,0,56210,15997997550,15998046798
966,0,16014588859,16014589156,0,54188,16014575643,16014623029
967,0,16031167109,16031167438,0,53788,16031153835,16031200970
968,0,16047745358,16047745677,0,58884,16047737806,16047784322
969,0,16064323607,16064323936,0,50947,16064310301,16064354683
970,0,16080901857,16080902135,0,51664,16080888494,16080933584
971,0,16097480106,16097480365,0,82960,16097466660,16097543043
972,0,16114058355,16114058629,0,72514,16114044848,16114089552
973,0,16130636605,16130636881,0,51318,16130623147,16130667972
974,0,16147214854,16147215129,0,51300,16147201446,16147246218
975,0,16163793103,16163793368,0,50997,16163779778,16163824193
976,0,16180371353,16180371622,0,56200,16180358984,16180407544
977,0,16196949602,16196949879,0,52160,16196936457,16196981869
978,0,16213527851,16213528114,0,82212,16213514306,16213590065
979,0,16230106101,16230106502,0,110107,16230104453,16230196206
980,0,16246684350,16246684784,0,60961,16246673051,16246725390
981,0,16263262599,16263263211,0,77005,16263260474,16263319849
982,0,16279840849,16279841571,0,95480,16279837785,16279916041
983,0,16296419098,16296419722,0,69335,16296412699,16296468639
984,0,16312997347,16312997690,0,59309,16312985785,16313036715
985,0,16329575597,16329575865,0,54843,16329562575,16329610494
986,0,16346153846,16346154176,0,57099,16346141585,16346191026
987,0,16362732095,16362732377,0,55061,16362719131,16362767286
988,0,16379310345,16379310619,0,53913,16379297249,16379344322
989,0,16395888594,16395888867,0,54841,16395875373,16395923472
990,0,16412466844,16412467136,0,53187,16412453657,16412500032
991,0,16429045093,16429045407,0,53149,16429032250,16429078354
992,0,16445623342,16445623916,0,73331,16445617983,16445676367
993,0,16462201592,16462202101,0,84825,16462205946,16462266376
994,0,16478779841,16478780481,0,116343,16478776540,16478876325
995,0,16495358090,16495358584,0,105345,16495354810,16495443480
996,0,16511936340,16511936622,0,71085,16511923074,16511987428
997,0,16528514589,16528514878,0,69897,16528501292,16528564512
998,0,16545092838,16545093142,0,53177,16545079294,16545126097
999,0,16561671088,16561671563,0,77536,16561670955,16561728669
1000,0,16578249337,16578249823,0,71774,16578242842,16578301030
1001,0,16594827586,16594828187,0,83264,16594827722,16594890922
1002,0,16611405836,16611406408,0,65676,16611397823,16611451629
1003,0,16627984085,16627984367,0,55872,16627971470,16628020044
1004,0,16644562334,16644562597,0,53098,16644549276,16644595429
1005,0,16661140584,16661140899,0,53745,16661127933,16661174409
1006,0,16677718833,16677719128,0,53070,16677705439,16677751970
1007,0,16694297082,16694297406,0,54361,16694284105,16694331554
1008,0,16710875332,16710875621,0,56498,16710864877,16710911802
1009,0,16727453581,16727453853,0,53632,16727440366,16727487271
1010,0,16744031830,16744032102,0,52899,16744018716,16744064783
1011,0,16760610080,16760610382,0,51320,16760596656,16760641454
1012,0,16777188329,16777188579,0,51771,16777174911,16777220124
1013,0,16793766578,16793766875,0,51131,16793753018,16793797816
1014,0,16810344828,16810345160,0,52722,16810331861,16810377656
1015,0,16826923077,16826923338,0,51346,16826909565,16826954434
1016,0,16843501326,16843501591,0,83408,16843487894,16843564411
1017,0,16860079576,16860079876,0,73733,16860069901,16860133337
1018,0,16876657825,16876658100,0,51226,16876644362,16876689080
1019,0,16893236074,16893236348,0,51472,16893222805,16893267618
1020,0,16909814324,16909814664,0,56167,16909802321,16909850614
1021,0,16926392573,16926392867,0,83933,16926379293,16926456571
1022,0,16942970822,16942971103,0,68361,16942957391,16943019110
1023,0,16959549072,16959549361,0,82819,16959535851,16959611983
1024,0,16976127321,16976143549,0,53711,16976130560,16976177008
1025,0,16992705570,16992705850,0,83324,16992692164,16992768644
1026,0,17009283820,17009284255,0,93235,17009274081,17009357148
1027,0,17025862069,17025862316,0,70295,17025849082,17025912306
1028,0,17042440318,17042440603,0,74146,17042432820,17042494461
1029,0,17059018568,17059018843,0,69612,17059005223,17059068210
1030,0,17075596817,17075597122,0,68373,17075583347,17075645283
1031,0,17092175066,17092175349,0,51331,17092161607,17092206487
1032,0,17108753316,17108753572,0,51302,17108739876,17108784604
1033,0,17125331565,17125331825,0,51604,17125317994,17125363216
1034,0,17141909814,17141910127,0,54320,17141896971,17141944200
1035,0,17158488064,17158488368,0,83467,17158474673,17158537692
1036,0,17175066313,17175066575,0,52719,17175052785,17175099135
1037,0,17191644562,17191645029,0,74146,17191639986,17191698785
1038,0,17208222812,17208223376,0,109777,17208219240,17208312472
1039,0,17224801061,17224801916,0,86023,17224802047,17224867292
1040,0,17241379310,17241379928,0,74116,17241374179,17241433697
1041,0,17257957560,17257957840,0,55527,17257944703,17257993135
1042,0,17274535809,17274536091,0,54393,17274522526,17274570255
1043,0,17291114058,17291115021,0,93604,17291101687,17291188343
1044,0,17307692308,17307692602,0,53121,17307679079,17307725494
1045,0,17324270557,17324270889,0,56174,17324257678,17324306819
1046,0,17340848806,17340849061,0,53236,17340835803,17340882032
1047,0,17357427056,17357427319,0,58832,17357415083,17357465697
1048,0,17374005305,17374005598,0,59023,17373993393,17374043969
1049,0,17390583554,17390583935,0,64275,17390574616,17390627977
1050,0,17407161804,17407162419,0,72687,17407156661,17407214593
1051,0,17423740053,17423740832,0,73575,17423735878,17423794042
1052,0,17440318302,17440318644,0,59685,17440306091,17440357698
1053,0,17456896552,17456896838,0,55131,17456883865,17456931671
1054,0,17473474801,17473475116,0,58373,17473462848,17473513071
1055,0,17490053050,17490053469,0,74137,17490040871,17490107349
1056,0,17506631300,17506631608,0,69900,17506617877,17506681089
1057,0,17523209549,17523209824,0,54589,17523196338,17523244144
1058,0,17539787798,17539788060,0,70820,17539774571,17539838522
1059,0,17556366048,17556366320,0,68841,17556352587,17556414819
1060,0,17572944297,17572944578,0,68126,17572930808,17572992403
1061,0,17589522546,17589522814,0,90522,17589515113,17589593119
1062,0,17606100796,17606101106,0,83775,17606087386,17606164661
1063,0,17622679045,17622679286,0,69653,17622665674,17622728575
1064,0,17639257294,17639257638,0,85899,17639244580,17639323206
1065,0,17655835544,17655835801,0,69331,17655822328,17655884836
1066,0,17672413793,17672414086,0,67791,17672400310,17672461689
1067,0,17688992042,17688992330,0,68006,17688978543,17689039977
1068,0,17705570292,17705570585,0,68203,17705556788,17705618433
1069,0,17722148541,17722148793,0,67809,17722135205,17722196233
1070,0,17738726790,17738727279,0,58474,17738715649,17738765510
1071,0,17755305040,17755305327,0,83124,17755291750,17755368119
1072,0,17771883289,17771883572,0,51825,17771870019,17771915197
1073,0,17788461538,17788461806,0,50999,17788448050,17788492594
1074,0,17805039788,17805040114,0,51994,17805026714,17805071872
1075,0,17821618037,17821618332,0,51426,17821604858,17821649577
1076,0,17838196286,17838196577,0,54982,17838183428,17838231270
1077,0,17854774536,17854774825,0,71623,17854762112,17854826128
1078,0,17871352785,17871353037,0,70090,17871339678,17871402786
1079,0,17887931034,17887931384,0,69871,17887918058,17887980960
1080,0,17904509284,17904509836,0,79252,17904505663,17904568664
1081,0,17921087533,17921087968,0,99676,17921083759,17921166895
1082,0,17937665782,17937667243,0,121719,17937674332,17937767514
1083,0,17954244032,17954244826,0,110023,17954244852,17954334299
1084,0,17970822281,17970822702,0,63770,17970812760,17970866204
1085,0,17987400531,17987400827,0,54524,17987387622,17987435165
1086,0,18003978780,18003979072,0,54001,18003965222,18004012826
1087,0,18020557029,18020557312,0,55204,18020543825,18020592286
1088,0,18037135279,18037135577,0,53792,18037121897,18037169176
1089,0,18053713528,18053713850,0,56479,18053701189,18053750040
1090,0,18070291777,18070292058,0,69941,18070278433,18070341696
1091,0,18086870027,18086870315,0,53035,18086857095,18086903167
1092,0,18103448276,18103448523,0,69468,18103434839,18103497750
1093,0,18120026525,18120026805,0,52612,18120013237,18120059186
1094,0,18136604775,18136605056,0,69037,18136591419,18136653768
1095,0,18153183024,18153183707,0,53575,18153170468,18153217016
1096,0,18169761273,18169761583,0,75355,18169753489,18169816719
1097,0,18186339523,18186339821,0,68315,18186326271,18186387877
1098,0,18202917772,18202918040,0,68768,18202904387,18202966639
1099,0,18219496021,18219496302,0,69006,18219482707,18219544993
1100,0,18236074271,18236074566,0,72268,18236061094,18236124540
1101,0,18252652520,18252652819,0,69114,18252639639,18252701658
1102,0,18269230769,18269231013,0,69258,18269217465,18269280018
1103,0,18285809019,18285809278,0,70701,18285795451,18285859668
1104,0,18302387268,18302387531,0,68521,18302373788,18302435852
1105,0,18318965517,18318965775,0,67681,18318951957,18319013294
1106,0,18335543767,18335544046,0,68239,18335530358,18335591972
1107,0,18352122016,18352122289,0,69180,18352108580,18352171230
1108,0,18368700265,18368700514,0,69478,18368686946,18368749698
1109,0,18385278515,18385278780,0,68336,18385265094,18385326771
1110,0,18401856764,18401857042,0,55385,18401847427,18401892178
1111,0,18418435013,18418435296,0,68116,18418421512,18418483057
1112,0,18435013263,18435013525,0,66668,18434999800,18435044317
1113,0,18451591512,18451591756,0,51008,18451578040,18451622573
1114,0,18468169761,18468170161,0,69479,18468171402,18468219163
1115,0,18484748011,18484748298,0,58133,18484735496,18484786082
1116,0,18501326260,18501326559,0,60041,18501314737,18501366161
1117,0,18517904509,18517904801,0,59818,18517892979,18517944327
1118,0,18534482759,18534483403,0,72035,18534477574,18534534934
1119,0,18551061008,18551061339,0,63289,18551050252,18551104286
1120,0,18567639257,18567639771,0,65033,18567630084,18567684379
1121,0,18584217507,18584217778,0,56513,18584204507,18584254095
1122,0,18600795756,18600796036,0,55796,18600783205,18600831580
1123,0,18617374005,18617374391,0,72307,18617361080,18617426466
1124,0,18633952255,18633952523,0,57915,18633944814,18633990217
1125,0,18650530504,18650530811,0,51881,18650517639,18650562439
1126,0,18667108753,18667109044,0,57238,18667096845,18667146020
1127,0,18683687003,18683687279,0,70111,18683673666,18683737056
1128,0,18700265252,18700265514,0,68831,18700251801,18700314026
1129,0,18716843501,18716843750,0,68937,18716829992,18716892449
1130,0,18733421751,18733422038,0,69027,18733408364,18733470729
1131,0,18750000000,18750000247,0,68960,18749986633,18750048887
1132,0,18766578249,18766578809,0,83423,18766585287,18766641650
1133,0,18783156499,18783157037,0,95248,18783169185,18783231559
1134,0,18799734748,18799735591,0,78332,18799733261,18799793510
1135,0,18816312997,18816313544,0,69547,18816305098,18816362714
1136,0,18832891247,18832891584,0,88871,18832896579,18832960070
1137,0,18849469496,18849469765,0,69441,18849456389,18849518870
1138,0,18866047745,18866048073,0,53100,18866034725,18866080978
1139,0,18882625995,18882626368,0,58041,18882614159,18882664157
1140,0,18899204244,18899204512,0,55054,18899191123,18899239308
1141,0,18915782493,18915782783,0,53515,18915769384,18915816080
1142,0,18932360743,18932361056,0,53220,18932347428,18932394083
1143,0,18948938992,18948939298,0,53054,18948925885,18948972135
1144,0,18965517241,18965517523,0,51363,18965503715,18965548651
1145,0,18982095491,18982095774,0,120424,18982087948,18982195894
1146,0,18998673740,18998674013,0,84189,18998660502,18998737604
1147,0,19015251989,19015252251,0,69504,19015238583,19015301449
1148,0,19031830239,19031830513,0,69221,19031816845,19031879492
1149,0,19048408488,19048408752,0,68096,19048395111,19048456660
1150,0,19064986737,19064987045,0,68520,19064973283,19065035213
1151,0,19081564987,19081565272,0,55682,19081551932,19081600707
1152,0,19098143236,19098146202,0,60042,19098137679,19098185977
1153,0,19114721485,19114721740,0,68222,19114708078,19114769778
1154,0,19131299735,19131299988,0,68261,19131286396,19131347945
1155,0,19147877984,19147878263,0,68631,19147864526,19147926602
1156,0,19164456233,19164456530,0,50574,19164442744,19164486867
1157,0,19181034483,19181034766,0,50857,19181020951,19181065438
1158,0,19197612732,19197613048,0,54784,19197600848,19197647599
1159,0,19214190981,19214191233,0,88085,19214181089,19214259012
1160,0,19230769231,19230769786,0,53395,19230756487,19230802905
1161,0,19247347480,19247347751,0,83252,19247334161,19247410820
1162,0,19263925729,19263926013,0,51042,19263912248,19263956838
1163,0,19280503979,19280504251,0,51142,19280490418,19280535254
1164,0,19297082228,19297082516,0,76874,19297069922,19297138969
1165,0,19313660477,19313660756,0,71839,19313647043,19313712250
1166,0,19330238727,19330238996,0,68612,19330225343,19330287357
1167,0,19346816976,19346817255,0,68337,19346803376,19346865329
1168,0,19363395225,19363395497,0,68809,19363381761,19363444057
1169,0,19379973475,19379973735,0,69254,19379960062,19380022689
1170,0,19396551724,19396552037,0,71191,19396538875,19396602893
1171,0,19413129973,19413146164,0,84303,19413132981,19413210213
1172,0,19429708223,19429708503,0,69014,19429695055,19429757269
1173,0,19446286472,19446286786,0,68834,19446273522,19446335393
1174,0,19462864721,19462864983,0,51060,19462851073,19462895847
1175,0,19479442971,19479443275,0,53117,19479429807,19479476197
1176,0,19496021220,19496343638,0,561097,19496335888,19496884506
1177,0,19512599469,19512979490,0,86598,19512997382,19513045838
1178,0,19529177719,19529503622,0,137345,19529496622,19529620587
1179,0,19545755968,19545772897,0,87818,19545793338,19545840452
1180,0,19562334218,19562556735,0,120670,19562543672,19562657015
1181,0,19578912467,19578912975,0,101121,19578906062,19578993604
1182,0,19595490716,19595491292,0,76803,19595486875,19595547247
1183,0,19612068966,19612069685,0,97267,19612072202,19612146197
1184,0,19628647215,19628648027,0,83294,19628647088,19628710908
1185,0,19645225464,19645226012,0,65292,19645216303,19645271071
1186,0,19661803714,19661804359,0,71580,19661798891,19661855558
1187,0,19678381963,19678382387,0,62334,19678371552,19678424439
1188,0,19694960212,19694960518,0,60143,19694948389,19695000403
1189,0,19711538462,19711538751,0,59919,19711526414,19711578435
1190,0,19728116711,19728117030,0,56215,19728103735,19728153005
1191,0,19744694960,19744695583,0,62323,19744685200,19744737703
1192,0,19761273210,19761273495,0,54463,19761259900,19761307659
1193,0,19777851459,19777851753,0,52692,19777838099,19777884183
1194,0,19794429708,19794429990,0,53163,19794416493,19794462988
1195,0,19811007958,19811008325,0,54365,19810994965,19811042474
1196,0,19827586207,19827586502,0,54194,19827573075,19827620418
1197,0,19844164456,19844164719,0,53170,19844151625,19844197661
1198,0,19860742706,19860743011,0,51755,19860729330,19860774528
1199,0,19877320955,19877321219,0,51083,19877307433,19877352161
1200,0,19893899204,19893899499,0,52810,19893885855,19893932055
1201,0,19910477454,19910477743,0,51000,19910463968,19910508526
1202,0,19927055703,19927055958,0,54976,19927043711,19927090621
1203,0,19943633952,19943634225,0,52307,19943620512,19943666254
1204,0,19960212202,19960212446,0,83176,19960198885,19960275394
1205,0,19976790451,19976790745,0,50792,19976777002,19976821387
1206,0,19993368700,19993368980,0,82111,19993355395,19993417454
1207,0,20009946950,20009947242,0,69485,20009933452,20009996441
1208,0,20026525199,20026525446,0,70513,20026512005,20026575640
1209,0,20043103448,20043103702,0,73336,20043090583,20043156739
1210,0,20059681698,20059681984,0,51920,20059668276,20059713745
1211,0,20076259947,20076260230,0,83595,20076246657,20076323515
1212,0,20092838196,20092838452,0,51686,20092824629,20092869882
1213,0,20109416446,20109416712,0,51864,20109402931,20109448378
1214,0,20125994695,20125994956,0,52633,20125981495,20126027337
1215,0,20142572944,20142573222,0,83786,20142559464,20142636445
1216,0,20159151194,20159151477,0,82908,20159151975,20159214073
1217,0,20175729443,20175729707,0,68837,20175716116,20175778254
1218,0,20192307692,20192307938,0,68450,20192294483,20192356103
1219,0,20208885942,20208886198,0,68321,20208872501,20208934273
1220,0,20225464191,20225464469,0,68857,20225451122,20225513010
1221,0,20242042440,20242042730,0,78209,20242034811,20242100661
1222,0,20258620690,20258620978,0,54257,20258607796,20258654971
1223,0,20275198939,20275199387,0,71153,20275192792,20275250162
1224,0,20291777188,20291777765,0,74268,20291772785,20291831558
1225,0,20308355438,20308356116,0,123074,20308351180,20308442460
1226,0,20324933687,20324933984,0,57484,20324920826,20324971116
1227,0,20341511936,20341512176,0,62687,20341505538,20341554637
1228,0,20358090186,20358090447,0,55102,20358076806,20358125257
1229,0,20374668435,20374668706,0,52781,20374655134,20374701308
1230,0,20391246684,20391246969,0,52912,20391233340,20391279653
1231,0,20407824934,20407825211,0,52923,20407811506,20407857947
1232,0,20424403183,20424403463,0,52387,20424389690,20424435617
1233,0,20440981432,20440981728,0,54357,20440968802,20441015846
1234,0,20457559682,20457559958,0,84148,20457546267,20457623803
1235,0,20474137931,20474138237,0,97075,20474124652,20474215072
1236,0,20490716180,20490716464,0,50927,20490702687,20490747194
1237,0,20507294430,20507294690,0,83602,20507280935,20507358000
1238,0,20523872679,20523872987,0,69256,20523859191,20523921885
1239,0,20540450928,20540451242,0,74127,20540439355,20540505114
1240,0,20557029178,20557029448,0,69787,20557015712,20557078881
1241,0,20573607427,20573607683,0,68456,20573593952,20573655879
1242,0,20590185676,20590185950,0,69356,20590172211,20590234999
1243,0,20606763926,20606764211,0,51666,20606750741,20606795692
1244,0,20623342175,20623342487,0,52520,20623329223,20623373828
1245,0,20639920424,20639920715,0,54305,20639907800,20639954841
1246,0,20656498674,20656498929,0,84263,20656485733,20656562879
1247,0,20673076923,20673077178,0,70158,20673063323,20673127009
1248,0,20689655172,20689655428,0,69007,20689641732,20689704218
1249,0,20706233422,20706233714,0,67954,20706220063,20706281365
1250,0,20722811671,20722811929,0,68334,20722798254,20722860049
1251,0,20739389920,20739390199,0,69016,20739376439,20739438947
1252,0,20755968170,20755968844,0,69230,20755962412,20756017699
1253,0,20772546419,20772546891,0,60628,20772535142,20772587088
1254,0,20789124668,20789125123,0,65923,20789115851,20789170482
1255,0,20805702918,20805703641,0,83561,20805702356,20805766708
1256,0,20822281167,20822281635,0,75211,20822276131,20822336366
1257,0,20838859416,20838859820,0,61621,20838848423,20838901156
1258,0,20855437666,20855437963,0,55843,20855424922,20855473475
1259,0,20872015915,20872016197,0,53417,20872002721,20872049384
1260,0,20888594164,20888594602,0,87896,20888582836,20888662191
1261,0,20905172414,20905172719,0,53059,20905158983,20905205568
1262,0,20921750663,20921750946,0,51017,20921737386,20921781782
1263,0,20938328912,20938329213,0,51727,20938315420,20938360701
1264,0,20954907162,20954907455,0,56158,20954894660,20954943334
1265,0,20971485411,20971485687,0,83982,20971472040,20971549109
1266,0,20988063660,20988063945,0,70448,20988050184,20988114202
1267,0,21004641910,21004642170,0,69627,21004628415,21004691534
1268,0,21021220159,21021220466,0,68705,21021206781,21021268882
1269,0,21037798408,21037798683,0,69012,21037785280,21037847385
1270,0,21054376658,21054376943,0,54372,21054363709,21054411067
1271,0,21070954907,21070955165,0,68839,21070941521,21071003747
1272,0,21087533156,21087533405,0,69528,21087519787,21087582625
1273,0,21104111406,21104112265,0,51368,21104098692,21104143427
1274,0,21120689655,21120689910,0,50875,21120676248,21120720540
1275,0,21137267905,21137268193,0,83063,21137254487,21137330775
1276,0,21153846154,21153846447,0,51194,21153832776,21153877369
1277,0,21170424403,21170424705,0,52080,21170411047,21170456581
1278,0,21187002653,21187002922,0,51712,21186989218,21187034407
1279,0,21203580902,21203581166,0,52273,21203567400,21203613232
1280,0,21220159151,21220159407,0,55873,21220149928,21220195058
1281,0,21236737401,21236737646,0,51303,21236724121,21236768735
1282,0,21253315650,21253315921,0,85075,21253302035,21253380685
1283,0,21269893899,21269894165,0,69197,21269880417,21269943155
1284,0,21286472149,21286472424,0,69154,21286458600,21286521338
1285,0,21303050398,21303050656,0,70672,21303036797,21303101072
1286,0,21319628647,21319628911,0,68386,21319615157,21319677016
1287,0,21336206897,21336207186,0,68533,21336193502,21336255348
1288,0,21352785146,21352785436,0,68253,21352771581,21352833363
1289,0,21369363395,21369363937,0,86759,21369350750,21369430430
1290,0,21385941645,21385941919,0,52153,21385928247,21385973832
1291,0,21402519894,21402520159,0,84072,21402506706,21402583957
1292,0,21419098143,21419098420,0,53230,21419085230,21419131437
1293,0,21435676393,21435676689,0,51202,21435663021,21435707745
1294,0,21452254642,21452254925,0,51530,21452241224,21452286241
1295,0,21468832891,21468833164,0,54474,21468819800,21468867421
1296,0,21485411141,21485411394,0,69165,21485397811,21485460261
1297,0,21501989390,21501989680,0,68664,21501975932,21502038098
1298,0,21518567639,21518567907,0,82556,21518554254,21518630181
1299,0,21535145889,21535146175,0,68521,21535132424,21535194418
1300,0,21551724138,21551724428,0,50914,21551710676,21551755151
1301,0,21568302387,21568302685,0,68015,21568288888,21568350471
1302,0,21584880637,21584880919,0,69084,21584867384,21584929756
1303,0,21601458886,21601459139,0,69030,21601445418,21601507927
1304,0,21618037135,21618037415,0,68419,21618023628,21618085582
1305,0,21634615385,21634615652,0,68462,21634602019,21634663825
1306,0,21651193634,21651193946,0,68010,21651180135,21651241733
1307,0,21667771883,21667772190,0,68151,21667758408,21667820141
1308,0,21684350133,21684350401,0,68809,21684336602,21684398905
1309,0,21700928382,21700928682,0,67870,21700914811,21700976309
1310,0,21717506631,21717506911,0,87238,21717497518,21717560242
1311,0,21734084881,21734085154,0,110692,21734071423,21734175501
1312,0,21750663130,21750663412,0,69359,21750649522,21750712482
1313,0,21767241379,21767241661,0,69539,21767227991,21767290923
1314,0,21783819629,21783819880,0,52448,21783806355,21783852134
1315,0,21800397878,21800398187,0,84100,21800384343,21800461748
1316,0,21816976127,21816976421,0,69348,21816962743,21817025436
1317,0,21833554377,21833554627,0,50991,21833540978,21833585429
1318,0,21850132626,21850132870,0,51146,21850119181,21850163804
1319,0,21866710875,21866711143,0,51023,21866697387,21866741973
1320,0,21883289125,21883289373,0,52213,21883276359,21883321369
1321,0,21899867374,21899867773,0,63731,21899857347,21899910960
1322,0,21916445623,21916445907,0,59852,21916433941,21916485403
1323,0,21933023873,21933024341,0,65976,21933014987,21933069900
1324,0,21949602122,21949602504,0,64293,21949592038,21949646341
1325,0,21966180371,21966180855,0,59820,21966168964,21966220386
1326,0,21982758621,21982759364,0,86563,21982751721,21982825389
1327,0,21999336870,21999337340,0,68259,21999332312,21999385273
1328,0,22015915119,22015915956,0,102155,22015916209,22015997512
1329,0,22032493369,22032493905,0,114227,22032491191,22032587591
1330,0,22049071618,22049072311,0,85280,22049071532,22049136352
1331,0,22065649867,22065650368,0,69739,22065643369,22065699539
1332,0,22082228117,22082228440,0,55444,22082214978,22082263658
1333,0,22098806366,22098806886,0,67681,22098799092,22098854237
1334,0,22115384615,22115384912,0,55527,22115371873,22115420037
1335,0,22131962865,22131963158,0,54019,22131949641,22131996970
1336,0,22148541114,22148541427,0,54861,22148527758,22148576069
1337,0,22165119363,22165119633,0,99256,22165121747,22165182400
1338,0,22181697613,22181697878,0,69902,22181684300,22181747486
1339,0,22198275862,22198276245,0,87430,22198264342,22198343292
1340,0,22214854111,22214854420,0,69315,22214841056,22214903549
1341,0,22231432361,22231437963,0,68969,22231424904,22231486675
1342,0,22248010610,22248010865,0,70270,22247997437,22248060752
1343,0,22264588859,22264589134,0,51167,22264575288,22264620106
1344,0,22281167109,22281167371,0,51332,22281153581,22281198458
1345,0,22297745358,22297745671,0,53611,22297732177,22297779050
1346,0,22314323607,22314323885,0,83830,22314310669,22314387520
1347,0,22330901857,22330902136,0,69424,22330888296,22330951278
1348,0,22347480106,22347480374,0,68153,22347466673,22347528291
1349,0,22364058355,22364058658,0,71023,22364044969,22364109466
1350,0,22380636605,22380636909,0,67734,22380623159,22380684311
1351,0,22397214854,22397215184,0,68028,22397201290,22397262978
1352,0,22413793103,22413793465,0,68994,22413779901,22413842148
1353,0,22430371353,22430371600,0,82674,22430357979,22430433905
1354,0,22446949602,22446949895,0,68696,22446936391,22446998258
1355,0,22463527851,22463528126,0,68369,22463514367,22463576192
1356,0,22480106101,22480106350,0,70087,22480093746,22480156116
1357,0,22496684350,22496684621,0,67951,22496670777,22496732434
1358,0,22513262599,22513262884,0,68846,22513249187,22513311407
1359,0,22529840849,22529841095,0,68193,22529827293,22529888974
1360,0,22546419098,22546419382,0,68666,22546405522,22546467849
1361,0,22562997347,22562997632,0,68224,22562983983,22563045519
1362,0,22579575597,22579575878,0,69167,22579562152,22579624813
1363,0,22596153846,22596154132,0,68956,22596140280,22596202944
1364,0,22612732095,22612732393,0,69174,22612718723,22612781347
1365,0,22629310345,22629310612,0,68440,22629296933,22629358745
1366,0,22645888594,22645888903,0,68096,22645874895,22645936725
1367,0,22662466844,22662467143,0,67542,22662453264,22662514356
1368,0,22679045093,22679045380,0,69821,22679031563,22679094951
1369,0,22695623342,22695623638,0,68267,22695609776,22695671639
1370,0,22712201592,22712201892,0,69346,22712188482,22712250943
1371,0,22728779841,22728780132,0,69240,22728766594,22728829040
1372,0,22745358090,22745358378,0,70075,22745344589,22745408175
1373,0,22761936340,22761936616,0,68209,22761922854,22761984545
1374,0,22778514589,22778514871,0,68316,22778501126,22778562962
1375,0,22795092838,22795093127,0,108187,22795079305,22795181063
1376,0,22811671088,22811671397,0,52997,22811657785,22811704158
1377,0,22828249337,22828249622,0,67959,22828235985,22828297360
1378,0,22844827586,22844827842,0,68276,22844814197,22844875803
1379,0,22861405836,22861406122,0,82131,22861392199,22861467990
1380,0,22877984085,22877984384,0,51148,22877970462,22878015314
1381,0,22894562334,22894566817,0,51257,22894553252,22894597830
1382,0,22911140584,22911140855,0,50748,22911127028,22911171366
1383,0,22927718833,22927719136,0,57488,22927710610,22927756365
1384,0,22944297082,22944297360,0,68416,22944283443,22944345420
1385,0,22960875332,22960875603,0,69656,22960861848,22960924931
1386,0,22977453581,22977453830,0,68922,22977440173,22977502358
1387,0,22994031830,22994032135,0,68925,22994018282,22994080778
1388,0,23010610080,23010610356,0,68426,23010596583,23010658470
1389,0,23027188329,23027190518,0,63260,23027180649,23027233526
1390,0,23043766578,23043766923,0,59227,23043754592,23043805506
1391,0,23060344828,23060345434,0,73527,23060339629,23060398615
1392,0,23076923077,23076923754,0,74405,23076919513,23076977828
1393,0,23093501326,23093501758,0,61953,23093490558,23093543404
1394,0,23110079576,23110080056,0,64891,23110069863,23110124690
1395,0,23126657825,23126658226,0,59233,23126645729,23126697167
1396,0,23143236074,23143236401,0,56737,23143223364,23143272837
1397,0,23159814324,23159814721,0,74983,23159803119,23159869323
1398,0,23176392573,23176392872,0,70564,23176379227,23176443106
1399,0,23192970822,23192971097,0,52804,23192957270,23193003702
1400,0,23209549072,23209549376,0,51432,23209535699,23209580620
1401,0,23226127321,23226127665,0,57604,23226115673,23226165020
1402,0,23242705570,23242705861,0,71555,23242692117,23242757126
1403,0,23259283820,23259284074,0,52942,23259270467,23259316794
1404,0,23275862069,23275862373,0,69935,23275848572,23275910592
1405,0,23292440318,23292440603,0,68998,23292426972,23292489266
1406,0,23309018568,23309018906,0,54012,23309005548,23309052744
1407,0,23325596817,23325597084,0,68689,23325583296,23325645574
1408,0,23342175066,23342175333,0,86825,23342176876,23342241815
1409,0,23358753316,23358753582,0,69857,23358739837,23358803114
1410,0,23375331565,23375331816,0,68855,23375318180,23375380455
1411,0,23391909814,23391910076,0,69544,23391896272,23391959343
1412,0,23408488064,23408488337,0,68750,23408474604,23408536776
1413,0,23425066313,23425066571,0,71962,23425053291,23425118253
1414,0,23441644562,23441644803,0,72548,23441632100,23441696936
1415,0,23458222812,23458223064,0,69681,23458210059,23458272446
1416,0,23474801061,23474801328,0,83797,23474787582,23474864675
1417,0,23491379310,23491379579,0,89007,23491371455,23491434384
1418,0,23507957560,23507957841,0,68590,23507944167,23508006125
1419,0,23524535809,23524536078,0,51861,23524522192,23524567724
1420,0,23541114058,23541114344,0,95466,23541123575,23541189504
1421,0,23557692308,23557692614,0,70064,23557678847,23557742373
1422,0,23574270557,23574270814,0,69230,23574257072,23574319783
1423,0,23590848806,23590849106,0,68845,23590835351,23590897612
1424,0,23607427056,23607427339,0,68077,23607413551,23607475118
1425,0,23624005305,23624009794,0,84673,23623996756,23624074120
1426,0,23640583554,23640583830,0,53519,23640570370,23640617106
1427,0,23657161804,23657162081,0,100293,23657149103,23657241763
1428,0,23673740053,23673740309,0,50994,23673726455,23673771076
1429,0,23690318302,23690318559,0,82426,23690304859,23690380658
1430,0,23706896552,23706896844,0,51052,23706883068,23706927679
1431,0,23723474801,23723475051,0,51049,23723461336,23723505922
1432,0,23740053050,23740053326,0,84743,23740039426,23740117790
1433,0,23756631300,23756631587,0,82694,23756617922,23756680385
1434,0,23773209549,23773209833,0,68439,23773196068,23773257999
1435,0,23789787798,23789788074,0,68630,23789774283,23789836425
1436,0,23806366048,23806366328,0,68781,23806352801,23806414802
1437,0,23822944297,23822944543,0,68853,23822931313,23822993109
1438,0,23839522546,23839522816,0,72131,23839512916,23839574764
1439,0,23856100796,23856101095,0,88738,23856087704,23856169526
1440,0,23872679045,23872679332,0,51788,23872665959,23872710893
1441,0,23889257294,23889257549,0,83690,23889243813,23889321072
1442,0,23905835544,23905835827,0,54352,23905825258,23905869975
1443,0,23922413793,23922414067,0,50927,23922400234,23922444743
1444,0,23938992042,23938992311,0,51034,23938978482,23939023125
1445,0,23955570292,23955570543,0,51080,23955556714,23955601482
1446,0,23972148541,23972148816,0,65599,23972149206,23972194115
1447,0,23988726790,23988727057,0,50866,23988713155,23988757763
1448,0,24005305040,24005305282,0,51639,24005291721,24005336686
1449,0,24021883289,24021883573,0,50874,24021869836,24021914227
1450,0,24038461538,24038461841,0,51359,24038447988,24038492976
1451,0,24055039788,24055040114,0,74383,24055027350,24055076899
1452,0,24071618037,24071618295,0,84284,24071604645,24071682370
1453,0,24088196286,24088196567,0,68888,24088182722,24088245195
1454,0,24104774536,24104774817,0,51010,24104760925,24104805570
1455,0,24121352785,24121353066,0,51538,24121339241,24121384394
1456,0,24137931034,24137931298,0,51763,24137917470,24137962819
1457,0,24154509284,24154509547,0,82367,24154495790,24154571523
1458,0,24171087533,24171088267,0,119479,24171090430,24171187247
1459,0,24187665782,24187666374,0,63446,24187655926,24187709559
1460,0,24204244032,24204244951,0,77049,24204241971,24204301576
1461,0,24220822281,24220822760,0,64010,24220812778,24220866441
1462,0,24237400531,24237400960,0,65308,24237390883,24237445786
1463,0,24253978780,24253979110,0,57050,24253966569,24254015930
1464,0,24270557029,24270557330,0,59220,24270545127,24270596179
1465,0,24287135279,24287135751,0,62923,24287124593,24287178386
1466,0,24303713528,24303713813,0,55681,24303700790,24303749308
1467,0,24320291777,24320292062,0,54112,24320279148,24320325989
1468,0,24336870027,24336870328,0,53183,24336856739,24336903330
1469,0,24353448276,24353448584,0,52914,24353434838,24353481281
1470,0,24370026525,24370026809,0,54169,24370013334,24370060746
1471,0,24386604775,24386605061,0,83412,24386591374,24386668305
1472,0,24403183024,24403183285,0,72621,24403174280,24403235679
1473,0,24419761273,24419761545,0,68238,24419747933,24419809497
1474,0,24436339523,24436339809,0,68782,24436326160,24436388281
1475,0,24452917772,24452918067,0,68780,24452904383,24452966521
1476,0,24469496021,24469496299,0,68589,24469482523,24469544550
1477,0,24486074271,24486074565,0,76606,24486060847,24486130857
1478,0,24502652520,24502652815,0,68897,24502639100,24502701430
1479,0,24519230769,24519231044,0,83481,24519217350,24519294103
1480,0,24535809019,24535809316,0,50725,24535795524,24535839803
1481,0,24552387268,24552387569,0,50822,24552373685,24552418234
1482,0,24568965517,24568965765,0,53881,24568954777,24568999443
1483,0,24585543767,24585544059,0,51240,24585530344,24585575073
1484,0,24602122016,24602122287,0,102121,24602108670,24602204158
1485,0,24618700265,24618700535,0,83368,24618686942,24618763536
1486,0,24635278515,24635278772,0,68415,24635264975,24635326898
1487,0,24651856764,24651857041,0,50701,24651843088,24651887545
1488,0,24668435013,24668435269,0,50951,24668421581,24668466009
1489,0,24685013263,24685013561,0,50913,24684999755,24685044226
1490,0,24701591512,24701591772,0,53589,24701578231,24701625069
1491,0,24718169761,24718171210,0,90673,24718157939,24718241583
1492,0,24734748011,24734748288,0,51175,24734734636,24734779203
1493,0,24751326260,24751326539,0,50804,24751312742,24751357159
1494,0,24767904509,24767904797,0,51344,24767891074,24767935949
1495,0,24784482759,24784483049,0,51345,24784469299,24784514130
1496,0,24801061008,24801061291,0,52834,24801047605,24801093834
1497,0,24817639257,24817639603,0,51668,24817626007,24817671059
1498,0,24834217507,24834217806,0,51237,24834203963,24834248788
1499,0,24850795756,24850796035,0,53034,24850784713,24850828842
1500,0,24867374005,24867374293,0,51436,24867360475,24867405540
1501,0,24883952255,24883952546,0,50852,24883938713,24883983232
1502,0,24900530504,24900530782,0,50866,24900516949,24900561439
1503,0,24917108753,24917109088,0,107578,24917097254,24917196382
1504,0,24933687003,24933687257,0,70585,24933673554,24933737536
1505,0,24950265252,24950265562,0,52507,24950251923,24950297859
1506,0,24966843501,24966843766,0,53688,24966832748,24966877243
1507,0,24983421751,24983422000,0,51484,24983408481,24983453286
1508,0,25000000000,25000000257,0,51470,24999986507,25000031473
1509,0,25016578249,25016578559,0,55193,25016565508,25016613273
1510,0,25033156499,25033156787,0,112597,25033157491,25033249158
1511,0,25049734748,25049735027,0,51903,25049721216,25049766765
1512,0,25066312997,25066313251,0,51639,25066299891,25066344704
1513,0,25082891247,25082891527,0,87991,25082881454,25082959226
1514,0,25099469496,25099469763,0,52393,25099456565,25099501958
1515,0,25116047745,25116048016,0,51174,25116034211,25116078952
1516,0,25132625995,25132626266,0,52783,25132612716,25132658820
1517,0,25149204244,25149204504,0,51816,25149190678,25149236099
1518,0,25165782493,25165782769,0,51197,25165768993,25165813770
1519,0,25182360743,25182360995,0,51260,25182347244,25182392066
1520,0,25198938992,25198939273,0,54093,25198928804,25198973135
1521,0,25215517241,25215517537,0,51192,25215504000,25215548530
1522,0,25232095491,25232095769,0,89179,25232082612,25232164577
1523,0,25248673740,25248674015,0,70759,25248660416,25248724454
1524,0,25265251989,25265252254,0,68835,25265238485,25265300793
1525,0,25281830239,25281830520,0,68552,25281816746,25281878920
1526,0,25298408488,25298408836,0,59987,25298398532,25298448604
1527,0,25314986737,25314987079,0,61184,25314975308,25315027922
1528,0,25331564987,25331565471,0,70475,25331558700,25331615491
1529,0,25348143236,25348161491,0,86135,25348155313,25348227127
1530,0,25364721485,25364722024,0,62790,25364711167,25364764344
1531,0,25381299735,25381300262,0,56594,25381287189,25381336635
1532,0,25397877984,25397878278,0,53747,25397864915,25397911791
1533,0,25414456233,25414456579,0,57442,25414444144,25414493773
1534,0,25431034483,25431034896,0,60763,25431023106,25431075374
1535,0,25447612732,25447612982,0,54475,25447599907,25447647191
1536,0,25464190981,25464191276,0,51502,25464177699,25464222545
1537,0,25480769231,25480769543,0,52296,25480756080,25480801618
1538,0,25497347480,25497347744,0,51276,25497334221,25497378778
1539,0,25513925729,25513926014,0,51801,25513913028,25513957614
1540,0,25530503979,25530504256,0,50794,25530490499,25530534881
1541,0,25547082228,25547082504,0,108932,25547069442,25547171165
1542,0,25563660477,25563660759,0,70515,25563647053,25563710989
1543,0,25580238727,25580238989,0,69504,25580225178,25580288162
1544,0,25596816976,25596817240,0,68573,25596803521,25596865547
1545,0,25613395225,25613395522,0,74896,25613387867,25613450097
1546,0,25629973475,25629973754,0,68733,25629959943,25630022177
1547,0,25646551724,25646551997,0,71994,25646539188,25646603715
1548,0,25663129973,25663147251,0,53852,25663134313,25663180862
1549,0,25679708223,25679708512,0,83560,25679694728,25679771802
1550,0,25696286472,25696286756,0,69190,25696273094,25696335615
1551,0,25712864721,25712865031,0,68886,25712851307,25712913583
1552,0,25729442971,25729443265,0,68236,25729429888,25729491064
1553,0,25746021220,25746021645,0,74460,25746008730,25746075803
1554,0,25762599469,25762599727,0,69164,25762586028,25762648552
1555,0,25779177719,25779177972,0,56085,25779164672,25779213799
1556,0,25795755968,25795756254,0,82967,25795742537,25795805139
1557,0,25812334218,25812334514,0,51611,25812321115,25812365933
1558,0,25828912467,25828912718,0,51669,25828899193,25828944145
1559,0,25845490716,25845491002,0,82503,25845477412,25845553186
1560,0,25862068966,25862069261,0,72869,25862055918,25862121889
1561,0,25878647215,25878647519,0,51924,25878633699,25878679233
1562,0,25895225464,25895225728,0,83443,25895211985,25895288786
1563,0,25911803714,25911804003,0,68565,25911790122,25911852338
1564,0,25928381963,25928382238,0,69558,25928368709,25928431495
1565,0,25944960212,25944960467,0,69334,25944946770,25945009466
1566,0,25961538462,25961538763,0,69361,25961525350,25961587823
1567,0,25978116711,25978116985,0,102480,25978103162,25978199095
1568,0,25994694960,25994695240,0,50678,25994681411,25994725709
1569,0,26011273210,26011273457,0,52047,26011259801,26011305237
1570,0,26027851459,26027851761,0,51591,26027837919,26027883165
1571,0,26044429708,26044429958,0,50533,26044416031,26044460286
1572,0,26061007958,26061008248,0,51295,26060994419,26061039301
1573,0,26077586207,26077586448,0,69528,26077572859,26077635701
1574,0,26094164456,26094164713,0,69058,26094150937,26094213497
1575,0,26110742706,26110742990,0,69406,26110729324,26110792072
1576,0,26127320955,26127321246,0,69757,26127307485,26127370712
1577,0,26143899204,26143899519,0,68336,26143885724,26143947565
1578,0,26160477454,26160477761,0,69359,26160464122,26160526817
1579,0,26177055703,26177055969,0,69145,26177042157,26177104974
1580,0,26193633952,26193634208,0,68436,26193620563,26193682334
1581,0,26210212202,26210212474,0,67558,26210198902,26210259781
1582,0,26226790451,26226790742,0,51561,26226777079,26226822159
1583,0,26243368700,26243368991,0,51565,26243355541,26243400300
1584,0,26259946950,26259947286,0,58526,26259934031,26259981801
1585,0,26276525199,26276525458,0,85278,26276512224,26276590460
1586,0,26293103448,26293103714,0,70823,26293089963,26293154212
1587,0,26309681698,26309683933,0,71064,26309670708,26309734794
1588,0,26326259947,26326260197,0,67963,26326246559,26326307951
1589,0,26342838196,26342838495,0,68468,26342824701,26342886712
1590,0,26359416446,26359416745,0,68631,26359402918,26359465076
1591,0,26375994695,26375994986,0,69151,26375981288,26376043872
1592,0,26392572944,26392573229,0,82531,26392559512,26392635587
1593,0,26409151194,26409151487,0,53406,26409138130,26409184695
1594,0,26425729443,26425729818,0,57420,26425717242,26425766954
1595,0,26442307692,26442308108,0,59122,26442296265,26442346957
1596,0,26458885942,26458886213,0,58057,26458873615,26458923906
1597,0,26475464191,26475464903,0,77492,26475462024,26475521991
1598,0,26492042440,26492043300,0,112494,26492042736,26492135080
1599,0,26508620690,26508621351,0,74322,26508615539,26508675330
1600,0,26525198939,26525199440,0,59204,26525187547,26525238351
1601,0,26541777188,26541777455,0,53867,26541764183,26541811077
1602,0,26558355438,26558355848,0,55293,26558342707,26558390917
1603,0,26574933687,26574933986,0,56032,26574920579,26574969774
1604,0,26591511936,26591512207,0,53501,26591498699,26591545522
1605,0,26608090186,26608090520,0,55064,26608077201,26608125366
1606,0,26624668435,26624668718,0,59964,26624661709,26624708443
1607,0,26641246684,26641246973,0,53058,26641233595,26641279855
1608,0,26657824934,26657825206,0,51373,26657811492,26657856368
1609,0,26674403183,26674403461,0,52100,26674390009,26674435383
1610,0,26690981432,26690981695,0,51196,26690967966,26691012677
1611,0,26707559682,26707559961,0,82511,26707546328,26707622305
1612,0,26724137931,26724138193,0,83478,26724124640,26724201360
1613,0,26740716180,26740716452,0,51058,26740702655,26740747322
1614,0,26757294430,26757294719,0,51056,26757280930,26757325573
1615,0,26773872679,26773872963,0,53994,26773859553,26773906765
1616,0,26790450928,26790451202,0,82157,26790437422,26790499375
1617,0,26807029178,26807029441,0,77353,26807021406,26807086455
1618,0,26823607427,26823607700,0,68902,26823594006,26823656375
1619,0,26840185676,26840185944,0,68868,26840172265,26840234501
1620,0,26856763926,26856764174,0,68654,26856750463,26856812528
1621,0,26873342175,26873342483,0,68578,26873328660,26873390771
1622,0,26889920424,26889920706,0,69329,26889906988,26889969703
1623,0,26906498674,26906498947,0,70069,26906485571,26906548723
1624,0,26923076923,26923077210,0,71311,26923064076,26923128267
1625,0,26939655172,26939655478,0,51368,26939641825,26939686652
1626,0,26956233422,26956233714,0,52192,26956220316,26956265688
1627,0,26972811671,26972811938,0,82226,26972798246,26972860600
1628,0,26989389920,26989390421,0,73528,26989377826,26989443639
1629,0,27005968170,27005968437,0,69818,27005955076,27006017891
1630,0,27022546419,27022546706,0,69980,27022533224,27022596425
1631,0,27039124668,27039132191,0,84165,27039118832,27039196103
1632,0,27055702918,27055703194,0,50913,27055689454,27055733934
1633,0,27072281167,27072281470,0,51084,27072267632,27072312395
1634,0,27088859416,27088859799,0,74867,27088847959,27088897929
1635,0,27105437666,27105437916,0,84212,27105424301,27105501877
1636,0,27122015915,27122016196,0,52282,27122002448,27122048280
1637,0,27138594164,27138594447,0,51265,27138580535,27138625502
1638,0,27155172414,27155179811,0,88201,27155168190,27155247748
1639,0,27171750663,27171750984,0,54140,27171737465,27171784832
1640,0,27188328912,27188329188,0,52682,27188315511,27188361630
1641,0,27204907162,27204907497,0,57876,27204895277,27204945140
1642,0,27221485411,27221485704,0,54047,27221472329,27221519519
1643,0,27238063660,27238063954,0,54547,27238050318,27238098298
1644,0,27254641910,27254642199,0,52700,27254628473,27254674719
1645,0,27271220159,27271220451,0,57227,27271212286,27271257430
1646,0,27287798408,27287798691,0,51412,27287784973,27287829872
1647,0,27304376658,27304376940,0,53253,27304363854,27304409942
1648,0,27320954907,27320955185,0,51866,27320941575,27320986858
1649,0,27337533156,27337533405,0,83056,27337519800,27337596192
1650,0,27354111406,27354112166,0,82490,27354098576,27354161066
1651,0,27370689655,27370689927,0,68654,27370676298,27370738280
1652,0,27387267905,27387268200,0,68495,27387254445,27387316401
1653,0,27403846154,27403846456,0,70082,27403833012,27403896224
1654,0,27420424403,27420424688,0,69107,27420410950,27420473512
1655,0,27437002653,27437002906,0,51613,27436989492,27437034358
1656,0,27453580902,27453581179,0,68467,27453567899,27453629328
1657,0,27470159151,27470159453,0,68201,27470145729,27470207048
1658,0,27486737401,27486737662,0,67149,27486723956,27486768920
1659,0,27503315650,27503315948,0,51505,27503302185,27503347254
1660,0,27519893899,27519894202,0,51160,27519880464,27519925157
1661,0,27536472149,27536472402,0,82127,27536458678,27536534278
1662,0,27553050398,27553050675,0,85239,27553037058,27553115527
1663,0,27569628647,27569628935,0,56734,27569616568,27569665491
1664,0,27586206897,27586207368,0,58247,27586195451,27586245342
1665,0,27602785146,27602785522,0,60162,27602773602,27602825315
1666,0,27619363395,27619364048,0,78549,27619361387,27619422135
1667,0,27635941645,27635942111,0,62259,27635931210,27635984041
1668,0,27652519894,27652520213,0,57591,27652507420,27652557509
1669,0,27669098143,27669098424,0,97671,27669085343,27669175778
1670,0,27685676393,27685676681,0,62674,27685670768,27685719059
1671,0,27702254642,27702254931,0,56064,27702241578,27702290691
1672,0,27718832891,27718833204,0,55997,27718820044,27718868904
1673,0,27735411141,27735411430,0,53154,27735397962,27735444335
1674,0,27751989390,27751989674,0,53065,27751976305,27752022464
1675,0,27768567639,27768567917,0,70297,27768554307,27768617928
1676,0,27785145889,27785146177,0,51129,27785132450,27785177051
1677,0,27801724138,27801724424,0,50949,27801710832,27801755174
1678,0,27818302387,27818302662,0,52375,27818289421,27818334836
1679,0,27834880637,27834880909,0,57388,27834873043,27834918117
1680,0,27851458886,27851459143,0,68360,27851445352,27851507197
1681,0,27868037135,27868037424,0,84305,27868023685,27868086074
1682,0,27884615385,27884615645,0,68864,27884601883,27884664218
1683,0,27901193634,27901193914,0,69031,27901180228,27901242682
1684,0,27917771883,27917772146,0,55606,27917758715,27917807513
1685,0,27934350133,27934350402,0,68251,27934336459,27934398352
1686,0,27950928382,27950928664,0,68890,27950914891,27950977234
1687,0,27967506631,27967506896,0,68489,27967493208,27967555081
1688,0,27984084881,27984085144,0,72401,27984071367,27984137240
1689,0,28000663130,28000663401,0,51585,28000649591,28000694767
1690,0,28017241379,28017241674,0,54418,28017228410,28017275856
1691,0,28033819629,28033819921,0,70572,28033806293,28033870181
1692,0,28050397878,28050408923,0,69264,28050395459,28050457911
1693,0,28066976127,28066976387,0,68136,28066962518,28067024381
1694,0,28083554377,28083554635,0,68953,28083541095,28083603252
1695,0,28100132626,28100132891,0,51723,28100119274,28100164388
1696,0,28116710875,28116711166,0,51147,28116697385,28116742118
1697,0,28133289125,28133289455,0,55117,28133276852,28133324365
1698,0,28149867374,28149867660,0,52588,28149854015,28149900027
1699,0,28166445623,28166445873,0,82537,28166432127,28166508252
1700,0,28183023873,28183024122,0,51834,28183010368,28183055744
1701,0,28199602122,28199602421,0,51293,28199588806,28199633506
1702,0,28216180371,28216180648,0,51243,28216166893,28216211671
1703,0,28232758621,28232758920,0,55021,28232746290,28232793408
1704,0,28249336870,28249337167,0,83246,28249323871,28249400222
1705,0,28265915119,28265915374,0,69425,28265901504,28265964503
1706,0,28282493369,28282493652,0,69010,28282479945,28282542375
1707,0,28299071618,28299071899,0,112577,28299058176,28299164129
1708,0,28315649867,28315650181,0,83722,28315636543,28315713632
1709,0,28332228117,28332228560,0,130608,28332216591,28332338570
1710,0,28348806366,28348806635,0,69037,28348792939,28348855370
1711,0,28365384615,28365384877,0,69441,28365387303,28365434061
1712,0,28381962865,28381963122,0,50991,28381949272,28381993880
1713,0,28398541114,28398541415,0,51013,28398527841,28398572275
1714,0,28415119363,28415119628,0,51421,28415105891,28415150896
1715,0,28431697613,28431697879,0,50632,28431684032,28431728302
1716,0,28448275862,28448276139,0,51293,28448262334,28448307247
1717,0,28464854111,28464854386,0,51229,28464840625,28464885422
1718,0,28481432361,28481432629,0,51246,28481418846,28481463650
1719,0,28498010610,28498010884,0,55394,28498001142,28498046084
1720,0,28514588859,28514589139,0,50885,28514575266,28514619833
1721,0,28531167109,28531167375,0,51020,28531153531,28531198201
1722,0,28547745358,28547745667,0,52791,28547732330,28547778225
1723,0,28564323607,28564323869,0,82588,28564310093,28564386245
1724,0,28580901857,28580902146,0,50938,28580888335,28580932861
1725,0,28597480106,28597480362,0,50772,28597466614,28597510927
1726,0,28614058355,28614058660,0,51187,28614044881,28614089656
1727,0,28630636605,28630636887,0,51300,28630623101,28630667964
1728,0,28647214854,28647215134,0,52514,28647201754,28647247389
1729,0,28663793103,28663793360,0,51614,28663780174,28663824786
1730,0,28680371353,28680371618,0,68222,28680358182,28680419541
1731,0,28696949602,28696949891,0,54410,28696936697,28696983896
1732,0,28713527851,28713528200,0,59177,28713516371,28713567157
1733,0,28730106101,28730106416,0,58796,28730094805,28730145018
1734,0,28746684350,28746684817,0,72601,28746678128,28746737048
1735,0,28763262599,28763263258,0,69273,28763255710,28763312244
1736,0,28779840849,28779841145,0,59583,28779828845,28779880402
1737,0,28796419098,28796419377,0,55960,28796406134,28796455179
1738,0,28812997347,28812997639,0,54770,28812984548,28813032228
1739,0,28829575597,28829575883,0,73687,28829563814,28829629281
1740,0,28846153846,28846154146,0,69182,28846140493,28846202993
1741,0,28862732095,28862732357,0,70242,28862718759,28862782341
1742,0,28879310345,28879310596,0,68900,28879297160,28879359265
1743,0,28895888594,28895888897,0,68677,28895875235,28895937264
1744,0,28912466844,28912467130,0,52294,28912453352,28912499160
1745,0,28929045093,28929045385,0,69427,28929031666,28929094311
1746,0,28945623342,28945623626,0,50912,28945609775,28945654349
1747,0,28962201592,28962201861,0,83964,28962188330,28962265582
1748,0,28978779841,28978780149,0,74578,28978772072,28978834520
1749,0,28995358090,28995358345,0,69202,28995344759,28995407223
1750,0,29011936340,29011936631,0,68632,29011922845,29011984929
1751,0,29028514589,29028514880,0,68656,29028501197,29028563218
1752,0,29045092838,29045093137,0,70800,29045079611,29045143669
1753,0,29061671088,29061671419,0,72340,29061659397,29061723621
1754,0,29078249337,29078249637,0,84717,29078236207,29078314101
1755,0,29094827586,29094827860,0,69645,29094814221,29094877186
1756,0,29111405836,29111406109,0,69781,29111392403,29111455601
1757,0,29127984085,29127984370,0,69383,29127970588,29128033461
1758,0,29144562334,29144562613,0,68491,29144548849,29144610920
1759,0,29161140584,29161140866,0,86380,29161144970,29161206931
1760,0,29177718833,29177719129,0,68932,29177705413,29177767768
1761,0,29194297082,29194297376,0,68097,29194283509,29194345149
1762,0,29210875332,29210875583,0,89178,29210867612,29210944530
1763,0,29227453581,29227453898,0,83867,29227440067,29227517264
1764,0,29244031830,29244032089,0,68773,29244018280,29244080541
1765,0,29260610080,29260610369,0,69145,29260596592,29260659256
1766,0,29277188329,29277188648,0,69674,29277175034,29277238088
1767,0,29293766578,29293766869,0,69419,29293753171,29293816010
1768,0,29310344828,29310345075,0,68014,29310331359,29310392779
1769,0,29326923077,29326923365,0,69532,29326909530,29326972610
1770,0,29343501326,29343501609,0,82736,29343487928,29343550154
1771,0,29360079576,29360079857,0,83795,29360066124,29360129769
1772,0,29376657825,29376658139,0,69702,29376644483,29376707511
1773,0,29393236074,29393236325,0,69408,29393222890,29393285453
1774,0,29409814324,29409814577,0,72760,29409805208,29409867011
1775,0,29426392573,29426392815,0,68313,29426379059,29426440859
1776,0,29442970822,29442971112,0,82825,29442957527,29443033615
1777,0,29459549072,29459549356,0,52037,29459535960,29459581164
1778,0,29476127321,29476146232,0,53640,29476133165,29476179649
1779,0,29492705570,29492705848,0,70622,29492692610,29492756203
1780,0,29509283820,29509284117,0,69808,29509270348,29509333618
1781,0,29525862069,29525862334,0,69797,29525848548,29525911811
1782,0,29542440318,29542440628,0,51182,29542426949,29542471600
1783,0,29559018568,29559018819,0,84129,29559005077,29559082666
1784,0,29575596817,29575597105,0,84635,29575583836,29575661389
1785,0,29592175066,29592175354,0,54136,29592161832,29592209261
1786,0,29608753316,29608753574,0,69446,29608739720,29608802706
1787,0,29625331565,29625331831,0,69494,29625317975,29625381072
1788,0,29641909814,29641910086,0,72394,29641896453,29641958553
1789,0,29658488064,29658488380,0,55562,29658478916,29658523687
1790,0,29675066313,29675066611,0,54640,29675053137,29675101058
1791,0,29691644562,29691644815,0,83593,29691631232,29691708194
1792,0,29708222812,29708223079,0,68716,29708209286,29708271542
1793,0,29724801061,29724801350,0,68380,29724787563,29724849440
1794,0,29741379310,29741379583,0,51275,29741365842,29741410710
1795,0,29757957560,29757957832,0,51254,29757944107,29757988919
1796,0,29774535809,29774536054,0,51412,29774522455,29774567254
1797,0,29791114058,29791114359,0,105947,29791101221,29791200123
1798,0,29807692308,29807692588,0,71006,29807679091,29807743312
1799,0,29824270557,29824270821,0,68799,29824257121,29824319377
1800,0,29840848806,29840849581,0,61717,29840839504,29840891026
1801,0,29857427056,29857427429,0,58951,29857415030,29857466114
1802,0,29874005305,29874005967,0,80568,29874005146,29874066184
1803,0,29890583554,29890584408,0,75799,29890580247,29890639710
1804,0,29907161804,29907175387,0,68007,29907168017,29907223049
1805,0,29923740053,29923740341,0,57487,29923727393,29923777520
1806,0,29940318302,29940318652,0,60611,29940311909,29940359004
1807,0,29956896552,29956897107,0,61606,29956886185,29956938457
1808,0,29973474801,29973475162,0,56702,29973462324,29973511654
1809,0,29990053050,29990053468,0,65752,29990043214,29990098874
1810,1,30006631300,30006631549,0,86246,30006618285,30006697516
1811,1,30023209549,30023209837,0,68508,30023196100,30023258090
1812,1,30039787798,30039788071,0,69077,30039774223,30039836836
1813,1,30056366048,30056366325,0,52774,30056352783,30056398939
1814,1,30072944297,30072944584,0,52796,30072930945,30072977139
1815,1,30089522546,30089522832,0,53226,30089509478,30089555853
1816,1,30106100796,30106101112,0,95790,30106087878,30106176599
1817,1,30122679045,30122679319,0,53841,30122665811,30122712958
1818,1,30139257294,30139257559,0,52739,30139243914,30139290089
1819,1,30155835544,30155847568,0,70962,30155834132,30155898297
1820,1,30172413793,30172414053,0,74403,30172406171,30172468196
1821,1,30188992042,30188992313,0,68560,30188978753,30189040618
1822,1,30205570292,30205570542,0,71913,30205557417,30205622281
1823,1,30222148541,30222157994,0,69788,30222144548,30222207534
1824,1,30238726790,30238727077,0,69642,30238713440,30238776427
1825,1,30255305040,30255305328,0,86770,30255295802,30255371758
1826,1,30271883289,30271883589,0,69787,30271870352,30271933145
1827,1,30288461538,30288461805,0,69870,30288448405,30288511498
1828,1,30305039788,30305040064,0,69014,30305026601,30305088825
1829,1,30321618037,30321618288,0,82658,30321604520,30321667187
1830,1,30338196286,30338196553,0,72805,30338186425,30338249049
1831,1,30354774536,30354774809,0,68632,30354761016,30354823214
1832,1,30371352785,30371353054,0,50797,30371339313,30371383658
1833,1,30387931034,30387931264,0,51168,30387917527,30387962298
1834,1,30404509284,30404509577,0,51714,30404495676,30404541129
1835,1,30421087533,30421087836,0,77320,30421075038,30421144856
1836,1,30437665782,30437666038,0,69975,30437652260,30437715754
1837,1,30454244032,30454244276,0,68447,30454230230,30454292447
1838,1,30470822281,30470822565,0,68174,30470808867,30470870554
1839,1,30487400531,30487401038,0,72153,30487395500,30487452924
1840,1,30503978780,30503979157,0,112284,30503969729,30504071210
1841,1,30520557029,30520557505,0,94034,30520548330,30520631197
1842,1,30537135279,30537135561,0,55367,30537122051,30537170626
1843,1,30553713528,30553713785,0,52292,30553700067,30553745874
1844,1,30570291777,30570292058,0,50917,30570278314,30570322790
1845,1,30586870027,30586870312,0,51019,30586856737,30586901133
1846,1,30603448276,30603448553,0,68563,30603434821,30603496795
1847,1,30620026525,30620026816,0,71607,30620013266,30620078129
1848,1,30636604775,30636605071,0,84865,30636591513,30636669525
1849,1,30653183024,30653183307,0,69044,30653169557,30653232101
1850,1,30669761273,30669761551,0,69632,30669748046,30669810927
1851,1,30686339523,30686339781,0,68620,30686326089,30686388124
1852,1,30702917772,30702918060,0,68990,30702904618,30702966742
1853,1,30719496021,30719496289,0,68978,30719482604,30719545011
1854,1,30736074271,30736074544,0,87081,30736061256,30736141364
1855,1,30752652520,30752652805,0,70099,30752639381,30752702569
1856,1,30769230769,30769231045,0,69182,30769217175,30769280002
1857,1,30785809019,30785809327,0,68754,30785795776,30785857740
1858,1,30802387268,30802387541,0,67942,30802373764,30802435155
1859,1,30818965517,30818965780,0,69096,30818952056,30819014632
1860,1,30835543767,30835544082,0,70128,30835530272,30835593961
1861,1,30852122016,30852131958,0,82751,30852118729,30852194492
1862,1,30868700265,30868700544,0,68598,30868686832,30868748872
1863,1,30885278515,30885279089,0,71514,30885272420,30885330265
1864,1,30901856764,30901857222,0,81754,30901848920,30901918562
1865,1,30918435013,30918435292,0,54996,30918421745,30918470014
1866,1,30935013263,30935013817,0,67566,30935005454,30935060940
1867,1,30951591512,30951591778,0,53526,30951578229,30951624966
1868,1,30968169761,30968170036,0,55493,30968157160,30968205188
1869,1,30984748011,30984748458,0,58760,30984736694,30984786895
